FINANCIA;IDADE;RENDA;SEXO;BANDEIRA;TEMPO;Fatura
nao;60,5;52612,86513;2;beta;32;2050,79
nao;73,7;29980,05751;2;alfa;26;3340,74
nao;70,6;446941,3125;2;alfa;52;5240,83
sim;70,8;16360,10686;1;alfa;30;1432,70
sim;69,9;97587,84176;1;beta;113;1652,47
nao;65,5;198938,0844;1;beta;52;785,47
sim;61,3;300756,4993;1;alfa;33;1882,38
sim;68,0;153946,9734;1;alfa;45;1700,48
nao;77,2;34052,85564;1;alfa;36;3722,41
nao;76,2;199007,8813;1;alfa;45;1611,24
nao;66,1;16318,92361;2;alfa;70;3365,79
sim;66,3;217225,6585;2;alfa;50;5262,80
nao;74,4;62388,67271;2;gama;34;1276,41
nao;79,9;29008,17497;1;gama;31;1583,06
nao;75,1;26542,11497;1;alfa;98;828,86
nao;60,4;80667,04733;1;gama;48;2749,33
nao;63,6;14211,19467;2;beta;30;1438,02
nao;71,9;483802,334;2;alfa;55;2036,52
nao;77,3;107912,2388;1;alfa;72;2615,34
nao;69,5;335409,8641;1;alfa;47;4073,40
nao;79,8;221729,9265;2;alfa;45;2462,18
nao;60,3;35093,60836;1;alfa;28;1718,64
sim;78,4;4224,881833;1;alfa;71;1568,79
nao;75,2;233381,2047;2;alfa;38;2418,30
nao;72,5;212429,8616;1;alfa;65;5763,60
nao;63,8;332950,4173;2;alfa;35;1914,98
sim;62,1;170347,7393;1;beta;68;1667,12
nao;66,4;81016,441;1;alfa;29;2829,54
nao;61,5;7596,925258;1;alfa;60;2774,96
nao;68,1;152063,8522;1;alfa;42;2501,14
sim;75,8;97479,48359;2;alfa;34;4973,48
sim;71,2;93231,15851;2;alfa;41;1830,17
nao;77,2;21165,95553;2;beta;23;1479,78
nao;70,4;122030,0908;1;alfa;29;1508,18
nao;62,7;312894,5507;2;beta;51;2349,86
nao;62,5;60107,75603;2;alfa;49;5388,88
sim;67,4;54829,53572;2;beta;38;2842,67
nao;23,5;38317,32729;1;alfa;29;1145,73
nao;26,9;273095,7939;2;alfa;61;1483,58
nao;27,2;419887,9135;2;alfa;39;8117,32
nao;28,9;157358,0427;1;alfa;59;3389,43
nao;28,3;143169,701;2;gama;46;5832,92
sim;23,9;375332,413;1;alfa;116;4938,41
nao;29,8;63875,15699;1;beta;25;4604,75
nao;27,2;150260,6223;1;alfa;60;6671,10
nao;24,5;13001,67198;2;alfa;69;2084,32
nao;25,2;265446,1774;2;alfa;55;1481,94
nao;28,1;160236,0481;2;alfa;102;5124,10
nao;20,9;95427,25447;1;alfa;48;1879,56
nao;23,9;4145,834803;2;alfa;50;1865,72
sim;28,6;235509,978;2;alfa;54;2736,16
nao;23,7;368797,7534;2;beta;54;1833,60
nao;23,5;21458,73036;1;alfa;63;2068,86
nao;24,5;113170,9545;2;beta;56;4859,91
nao;29,9;1851,340876;2;alfa;143;823,45
nao;25,4;293965,8869;1;alfa;50;6869,09
nao;28,0;339184,6719;1;alfa;51;1474,00
sim;26,4;206596,1927;2;beta;45;11133,15
sim;26,8;66216,92946;1;alfa;24;1773,92
nao;20,9;43207,65274;1;alfa;62;1356,77
nao;20,3;299012,5492;1;gama;57;2322,61
nao;28,0;321427,1114;2;alfa;72;2774,84
sim;20,7;566287,3535;2;alfa;53;1883,92
nao;29,9;184355,1028;2;beta;64;1984,75
sim;29,8;113292,5108;2;alfa;41;2500,09
sim;27,4;272708,7409;2;alfa;37;2216,13
nao;21,7;61455,45637;1;alfa;38;2869,69
sim;25,6;34735,41432;1;gama;41;7516,54
sim;24,3;13176,94545;1;alfa;30;7582,51
nao;28,4;168085,1693;2;gama;60;7604,20
sim;26,1;20291,62292;1;alfa;76;4382,05
sim;26,7;83372,27312;2;alfa;50;1847,75
nao;28,2;137467,2781;1;alfa;42;2233,14
nao;25,5;384489,56;1;alfa;83;4466,75
nao;28,6;417037,4683;1;alfa;57;5031,82
sim;26,9;181691,3616;2;alfa;62;4012,28
nao;28,1;152896,3409;1;alfa;23;3167,64
nao;28,5;125266,8846;1;alfa;90;4755,38
nao;21,6;67379,02467;2;alfa;34;3759,10
nao;27,4;362356,8558;2;alfa;46;5056,08
nao;27,1;310170,2569;2;alfa;38;7680,74
sim;24,0;39415,04548;1;beta;29;4156,87
nao;28,1;75621,75548;2;alfa;53;1932,22
sim;28,2;94510,80965;2;alfa;67;1809,64
nao;24,5;259251,8373;1;alfa;59;10727,68
sim;29,6;72101,84032;2;alfa;43;2203,23
nao;24,8;450551,5254;2;alfa;34;3783,69
sim;23,4;95460,108;2;alfa;58;2695,82
sim;23,8;41910,44671;2;alfa;67;4523,53
nao;23,1;112772,7311;2;alfa;56;1433,47
sim;21,4;70095,21337;2;alfa;65;3011,75
nao;20,6;214415,6142;1;beta;31;4381,48
nao;27,8;159773,3037;1;alfa;61;3867,40
sim;25,7;334706,7693;1;alfa;51;1881,60
nao;28,9;216149,9328;1;alfa;94;3154,72
nao;26,7;124197,3629;2;alfa;36;9599,77
nao;20,5;128182,5672;1;alfa;91;7798,35
nao;24,0;131852,5856;2;alfa;54;3116,17
sim;26,2;45779,75456;2;alfa;27;2156,76
nao;24,5;23863,29373;1;alfa;46;6187,26
nao;20,8;410971,278;1;alfa;36;4323,37
sim;25,1;470487,5694;2;alfa;71;2306,63
sim;25,2;272537,464;1;alfa;70;3364,87
sim;22,8;99783,73066;2;alfa;62;4381,28
nao;22,4;416796,3148;2;alfa;39;3565,55
nao;23,6;328227,3222;2;alfa;66;3291,36
nao;21,5;152244,3791;1;alfa;56;10802,44
nao;21,9;345788,998;1;alfa;52;2599,84
nao;28,3;19297,7556;1;alfa;75;1436,98
nao;23,2;181519,8892;2;beta;93;1865,66
sim;21,1;484952,1301;1;alfa;89;4789,76
nao;29,3;343973,2342;1;alfa;48;4684,73
nao;25,3;14115,73262;1;beta;66;1951,64
nao;20,0;240045,078;1;alfa;50;1022,56
nao;20,1;246045,6732;2;alfa;114;4073,91
nao;26,2;313112,0138;1;alfa;57;6446,75
nao;26,3;22176,67946;1;alfa;52;1215,89
sim;22,0;12356,45043;1;alfa;47;2389,36
nao;29,8;150131,0956;1;alfa;95;10449,89
nao;29,2;156194,5794;2;alfa;56;1571,04
sim;25,2;416247,5115;2;alfa;63;3611,75
nao;20,4;294858,1852;1;alfa;62;10234,36
nao;22,3;209620,4527;1;alfa;138;2419,37
sim;29,0;288432,7861;2;alfa;112;2278,51
nao;23,3;302277,601;2;alfa;53;5032,78
nao;27,2;20632,64008;2;gama;33;1810,80
nao;29,6;316600,95;2;alfa;82;6412,75
sim;29,9;362047,6447;2;alfa;66;4204,03
sim;20,6;57653,34748;1;alfa;113;7253,27
nao;26,4;384687,9011;2;alfa;79;5366,64
sim;21,9;311563,1653;1;alfa;31;3636,85
nao;22,0;485715,875;2;alfa;77;2669,84
sim;22,8;223327,3692;2;alfa;35;7002,20
nao;21,1;509783,1653;2;alfa;31;8050,53
sim;26,1;106885,3932;2;alfa;58;4037,49
nao;29,3;29088,51003;1;alfa;66;4334,69
sim;25,4;9236,123066;2;alfa;80;1967,14
nao;25,0;13879,28563;2;alfa;43;15801,27
nao;23,5;54589,76953;1;gama;59;692,30
nao;26,3;263991,6062;1;gama;78;2113,64
nao;26,9;225302,2035;2;alfa;38;3939,51
nao;21,3;389240,7431;2;alfa;48;3771,15
sim;24,5;1314,672015;2;alfa;61;2002,67
sim;27,2;167102,0427;2;alfa;70;3831,64
nao;23,0;194000,8091;2;alfa;59;5503,04
nao;25,4;173634,8792;2;gama;77;3428,42
nao;20,8;102883,9639;2;alfa;61;4801,36
nao;27,4;41717,41517;1;beta;41;1935,84
nao;21,3;66102,002;1;alfa;47;1476,02
nao;26,3;235547,3937;2;alfa;41;6436,31
sim;23,5;13225,51277;1;alfa;53;3527,78
sim;24,2;252921,5714;2;alfa;114;6968,14
sim;21,9;315935,2986;2;alfa;64;4581,61
nao;22,6;28849,73379;2;alfa;111;991,39
nao;25,9;92032,97935;1;alfa;75;1581,90
nao;26,1;12974,7218;2;alfa;36;3503,91
nao;20,9;216146,9546;1;alfa;28;1717,43
nao;27,1;77053,71447;1;beta;39;3167,87
nao;20,8;75459,5525;2;alfa;104;2177,01
nao;22,6;31922,24149;2;alfa;32;1476,20
nao;27,4;278240,3398;2;alfa;30;1794,41
nao;20,4;363961,9336;2;alfa;87;4381,61
nao;26,4;565985,9947;1;alfa;59;2906,41
nao;28,1;152669,8389;2;alfa;63;1140,01
nao;25,1;350910,5402;1;beta;83;4358,71
nao;29,2;197208,5329;2;alfa;83;1192,06
nao;21,5;61594,8773;2;beta;52;4489,40
nao;25,5;206257,5536;1;alfa;46;4904,60
nao;22,1;163159,3874;1;beta;40;3453,35
nao;27,2;32201,66718;1;alfa;51;2052,07
nao;29,1;175124,7939;1;beta;49;6210,10
sim;20,3;100963,806;1;alfa;67;3650,34
nao;26,1;110165,5298;1;alfa;52;9148,55
nao;24,5;160722,3141;1;alfa;88;1329,64
nao;25,4;132927,2791;1;beta;59;2489,88
nao;29,9;167458,8306;2;alfa;46;2615,17
sim;23,0;92430,21461;1;beta;67;1254,84
nao;24,2;47134,5545;2;alfa;31;3390,50
nao;22,1;268993,056;1;alfa;84;3088,48
sim;21,0;262440,5008;1;alfa;33;6625,38
sim;20,6;54214,94908;1;beta;33;2048,75
nao;24,6;72200,98066;2;alfa;77;4061,68
nao;25,6;264275,7712;1;alfa;59;1446,70
nao;25,1;342027,0239;1;alfa;85;3304,65
sim;28,5;54157,82754;1;alfa;60;3077,40
nao;28,4;152376,7971;1;alfa;46;1353,39
nao;26,4;135222,087;1;alfa;63;2613,00
nao;29,9;44340,89589;2;alfa;45;1513,86
sim;20,5;377730,65;2;alfa;75;3302,62
sim;29,1;45995,79434;2;alfa;52;4000,02
sim;25,8;37641,82354;1;gama;38;6671,16
nao;21,5;55458,51621;2;alfa;98;4251,98
nao;24,1;80318,26863;2;alfa;87;1828,85
sim;22,2;44215,07619;1;alfa;75;798,91
nao;28,8;175983,0794;2;alfa;41;3390,23
sim;25,8;35963,48689;1;alfa;57;5901,51
nao;22,1;222672,0561;1;alfa;67;2351,70
nao;21,6;181274,4787;2;alfa;31;1015,19
nao;29,8;29086,77358;2;alfa;56;7808,77
nao;24,1;329254,4885;2;alfa;69;3316,03
sim;23,3;130341,6629;1;alfa;61;3600,41
nao;20,0;485865,0017;2;alfa;51;6163,76
nao;20,4;352528,8783;2;alfa;47;4358,67
nao;20,3;177514,1009;2;alfa;87;4334,97
sim;24,9;158688,5808;2;alfa;62;1791,57
sim;21,7;53932,41582;2;alfa;31;1736,67
nao;24,5;207828,1632;1;alfa;99;1725,48
sim;26,4;164887,4989;2;beta;33;4489,04
nao;24,8;328782,4553;1;alfa;55;2854,92
nao;27,1;224908,0141;1;alfa;49;2763,53
nao;22,3;278908,156;2;alfa;35;6648,01
nao;22,3;98847,91415;1;alfa;58;5032,78
nao;27,0;488906,7589;1;alfa;52;8533,87
nao;29,1;139655,6094;2;alfa;53;2708,93
nao;27,0;73162,44766;1;alfa;46;1758,23
nao;26,3;98467,48166;2;alfa;42;2586,01
sim;26,1;220803,0919;2;alfa;59;3402,57
nao;28,5;52891,52708;2;alfa;76;3830,98
nao;26,0;19860,92067;1;alfa;45;1606,18
nao;24,5;70087,03804;2;alfa;35;1398,15
nao;26,9;272541,9649;2;alfa;40;5229,98
nao;29,1;227413,346;2;alfa;69;1828,79
nao;29,9;135135,3525;1;alfa;80;3378,09
nao;22,6;119733,8273;2;alfa;58;2570,59
nao;23,1;83038,91074;2;beta;84;3807,20
nao;20,5;136896,3942;2;alfa;90;20799,79
sim;21,8;268924,4352;1;alfa;73;4322,16
nao;20,5;255080,7183;2;alfa;73;5240,56
nao;21,3;234024,3916;1;alfa;59;2721,22
nao;28,7;171434,0122;1;alfa;67;6791,43
nao;21,2;193349,311;2;alfa;49;2307,16
nao;22,8;64129,79285;2;alfa;37;1394,44
sim;26,0;224334,655;1;alfa;58;6423,30
nao;22,3;401941,3539;2;alfa;116;1139,63
nao;22,1;283019,909;2;alfa;40;7527,88
sim;23,8;242651,6603;1;alfa;75;3929,08
sim;29,0;40457,62674;1;alfa;46;2320,49
nao;24,5;126232,4239;1;beta;91;6692,71
sim;21,9;80167,00014;2;alfa;44;8039,28
nao;22,9;128508,1697;1;alfa;115;1831,95
sim;21,7;258224,9645;2;alfa;53;3661,11
sim;29,3;62099,91501;2;alfa;56;6647,72
sim;21,2;57343,27513;2;gama;52;1646,22
nao;27,3;242709,9377;2;alfa;61;5844,14
nao;21,4;270504,6139;1;beta;49;2707,52
nao;27,5;62112,92626;2;alfa;84;3351,70
nao;22,4;229597,7502;2;alfa;33;2748,77
nao;27,9;74750,00199;2;alfa;42;2986,96
nao;22,4;281837,2547;2;alfa;64;5388,93
sim;24,4;136481,9378;1;alfa;31;1778,00
nao;29,6;26740,6308;1;alfa;38;1400,91
nao;23,1;446831,0868;2;alfa;90;2473,88
nao;23,4;92257,77666;2;beta;76;4972,87
nao;21,6;85594,20729;2;alfa;28;2158,03
nao;29,8;303894,3269;2;alfa;55;4778,07
sim;21,5;86615,62399;2;alfa;54;2246,74
nao;29,8;88520,71097;2;alfa;65;1899,94
nao;22,0;37810,87442;2;alfa;33;2084,42
nao;25,8;41416,52184;2;alfa;68;3278,91
nao;29,1;113121,3622;2;alfa;49;3051,13
sim;23,8;185626,1052;2;alfa;87;3758,91
nao;26,6;69987,63186;2;beta;63;2320,13
nao;26,9;138974,5918;1;alfa;46;3011,63
nao;27,4;298236,1744;2;alfa;55;2033,17
nao;23,3;123500,9208;1;gama;35;3064,35
nao;24,0;206208,2741;2;alfa;38;2191,93
nao;29,0;237672,8404;1;alfa;68;6151,78
nao;21,5;50147,8356;2;alfa;53;1015,19
nao;20,3;31843,25489;2;gama;35;2364,32
nao;23,7;17425,63066;2;alfa;29;1937,27
nao;23,1;512164,4401;2;alfa;61;3831,25
nao;24,1;128510,4425;1;alfa;27;1547,83
nao;23,3;245176,2554;2;alfa;38;2447,12
nao;24,6;285195,4878;1;alfa;63;8039,79
nao;23,1;124251,9433;2;alfa;42;3453,50
nao;27,3;233612,3029;2;alfa;32;3316,45
nao;20,7;281448,8891;1;alfa;64;3454,58
sim;23,2;349930,4829;2;alfa;52;2906,45
nao;21,1;13726,33706;2;alfa;37;2018,45
nao;24,9;210930,0453;2;alfa;83;3698,33
nao;24,7;294516,936;1;beta;77;3353,80
nao;26,1;42332,5688;2;alfa;60;4812,67
sim;21,1;358720,6558;2;alfa;106;1648,31
nao;28,6;389174,0214;2;alfa;111;4334,21
nao;24,5;117007,1771;2;alfa;50;3179,64
nao;28,7;229816,0816;2;alfa;39;1520,67
nao;24,0;396114,3771;1;alfa;63;4108,90
sim;28,6;25730,44684;2;alfa;25;1915,03
nao;25,2;96188,76154;2;alfa;61;3013,07
nao;22,8;173085,3791;2;beta;25;5947,69
nao;26,6;453903,2734;1;beta;61;4037,76
sim;23,7;289308,7299;2;beta;89;4661,90
nao;29,2;157102,6574;2;alfa;55;2642,48
nao;20,8;100914,0443;2;beta;44;1609,84
nao;29,8;96014,31857;2;alfa;55;3589,49
nao;21,5;111992,422;2;alfa;41;3011,40
nao;26,4;543738,1461;2;alfa;62;9923,74
nao;29,3;276387,5687;1;alfa;49;2099,21
nao;29,3;125052,1108;2;alfa;36;2570,72
nao;23,8;33228,14588;1;beta;66;2101,76
nao;29,7;92808,35279;2;beta;34;2515,59
nao;29,8;183713,853;2;beta;62;3415,13
nao;24,1;452410,2797;1;alfa;22;1653,27
nao;27,4;56059,91993;1;beta;62;5890,12
nao;23,3;277551,9314;2;alfa;45;3576,74
sim;20,3;94453,43498;2;alfa;61;2127,03
nao;24,1;81919,32358;2;beta;25;1437,17
nao;26,2;161120,6306;2;alfa;66;2219,43
sim;28,4;218130,9255;1;alfa;32;4870,25
nao;23,7;269401,8191;1;alfa;75;4604,79
nao;25,2;21599,52193;1;alfa;25;6118,20
nao;32,8;215925,8649;1;alfa;72;2893,78
sim;38,2;88363,10154;1;alfa;44;6735,95
nao;33,5;72268,05517;2;beta;113;4894,00
sim;39,1;167714,9956;1;alfa;111;650,59
nao;35,2;285243,4628;1;alfa;98;6636,98
nao;32,8;255852,1591;2;alfa;71;3193,33
nao;34,7;11277,00819;1;alfa;103;6636,18
nao;32,0;64798,27787;1;alfa;158;2233,27
nao;35,3;30501,04671;2;alfa;58;5193,78
nao;31,7;277549,8215;2;alfa;82;2722,71
nao;33,0;207230,6281;2;alfa;130;4882,38
nao;39,1;324629,2016;2;alfa;118;17425,12
nao;36,3;153017,0021;2;alfa;78;3589,11
sim;31,7;165308,835;2;alfa;69;8368,24
sim;39,5;249797,6037;2;alfa;23;17473,84
nao;34,3;11015,2767;2;beta;93;3102,66
nao;38,8;210185,3806;2;alfa;68;1916,32
nao;32,5;310925,5132;1;alfa;123;2641,38
nao;31,7;168751,5648;2;alfa;55;2750,13
nao;32,5;104449,6588;2;alfa;85;4216,73
nao;33,1;179000,5334;1;alfa;97;5123,88
nao;35,0;96264,51327;1;alfa;68;2615,21
nao;35,6;136408,5741;2;alfa;63;4180,11
nao;36,0;68295,59424;1;alfa;113;7090,55
sim;38,3;340948,7396;2;alfa;88;2554,78
nao;35,2;274887,5629;2;alfa;109;5936,39
sim;35,3;185141,1209;1;beta;89;5774,48
nao;30,5;95034,76788;2;gama;108;6185,75
nao;30,1;426141,2314;2;alfa;112;6770,31
nao;35,7;131628,168;1;gama;47;2189,99
nao;31,3;87143,08864;2;alfa;38;7298,95
sim;35,0;485129,657;2;alfa;86;6868,97
nao;34,6;481675,3036;2;alfa;50;4615,69
nao;32,8;570454,2166;2;alfa;27;1602,71
nao;34,9;205823,8739;1;alfa;82;2377,97
sim;30,2;107508,7333;2;alfa;47;5055,69
nao;30,5;90461,4096;1;alfa;41;3290,63
nao;32,8;202821,8698;1;alfa;44;4638,71
sim;35,2;1641,707875;1;alfa;155;3404,25
sim;38,7;176496,0305;1;alfa;77;3114,12
nao;35,1;396475,0089;2;alfa;68;4180,35
nao;34,2;93439,46875;2;beta;169;1812,26
nao;39,6;449013,2386;2;alfa;70;12038,43
nao;35,1;296986,178;2;alfa;65;9063,84
sim;38,8;268582,5111;2;alfa;55;12774,14
nao;36,9;505016,1547;2;alfa;56;4322,92
nao;32,0;128406,6295;1;alfa;94;3661,19
nao;32,6;199720,6764;1;alfa;77;2114,45
sim;33,8;71089,02041;2;alfa;61;10448,96
nao;35,1;421242,8317;1;beta;106;1798,41
nao;30,2;391877,2648;1;alfa;54;2502,57
nao;31,5;17992,04691;2;alfa;59;2641,75
nao;32,6;542441,3303;1;alfa;57;5763,60
nao;35,8;537110,5537;1;beta;59;8172,35
sim;36,9;549817,2809;2;alfa;130;6614,48
nao;37,5;336036,2056;2;alfa;55;2894,25
nao;30,9;186862,5624;1;beta;45;2160,29
nao;38,6;273222,5182;1;alfa;62;2176,69
nao;35,7;359779,7633;2;alfa;31;1814,87
sim;35,7;135973,9255;1;beta;48;3491,31
nao;30,6;114899,2765;2;gama;120;12107,11
sim;30,3;457640,2498;2;alfa;62;1895,56
nao;36,9;130008,0868;1;alfa;143;6084,65
sim;38,8;319147,6148;2;alfa;95;12561,74
nao;37,4;393955,2053;2;alfa;29;5366,42
nao;38,0;343198,3239;2;alfa;61;3491,27
sim;32,8;7963,57863;2;alfa;60;2599,43
nao;36,5;3079,562721;2;alfa;122;3528,50
nao;32,6;182782,5942;2;alfa;88;1552,36
nao;33,5;261263,0282;2;alfa;68;5344,18
nao;36,7;304132,3635;1;alfa;146;11398,74
nao;34,5;156454,8218;2;gama;68;5101,77
nao;37,1;116140,6233;1;alfa;115;2628,28
nao;31,4;11165,62958;1;beta;65;2600,41
nao;36,5;323050,5776;2;alfa;55;4442,85
nao;39,5;485223,1221;1;alfa;60;5662,16
sim;34,8;481517,9878;2;alfa;57;737,92
nao;34,9;265710,9396;2;alfa;94;1358,56
nao;35,7;391300,1922;2;alfa;165;3759,26
nao;37,8;281979,5665;2;alfa;76;8183,48
nao;30,8;434877,3366;1;alfa;69;5662,02
nao;39,0;97217,65005;2;alfa;92;1703,62
nao;30,3;281600,4384;1;alfa;65;3490,66
nao;30,5;136237,3134;1;alfa;49;2097,42
sim;39,4;599586,3658;1;alfa;118;3256,19
nao;35,9;152410,9592;1;beta;55;3142,99
nao;36,9;325594,5937;1;alfa;52;2130,70
nao;36,1;351085,7177;2;alfa;87;2513,91
nao;34,9;187194,4294;2;alfa;148;3219,47
nao;35,4;324338,2885;1;alfa;28;1519,70
nao;35,5;57426,97248;1;alfa;50;2064,79
nao;30,2;148676,812;2;alfa;110;2762,33
nao;38,8;339107,6619;2;alfa;77;2363,79
nao;31,2;158986,6482;2;alfa;38;2489,75
nao;35,5;318562,3116;2;alfa;102;4251,06
nao;36,1;64876,54487;2;alfa;61;4673,94
sim;35,1;27068,97334;1;beta;36;3915,62
nao;36,0;211247,331;1;alfa;130;4501,12
nao;34,5;84505,23617;2;alfa;112;1778,84
sim;35,8;45431,82708;1;alfa;34;5672,88
nao;33,9;374519,377;1;alfa;64;1441,31
nao;31,0;110646,8186;2;alfa;61;1308,37
sim;38,0;160091,7759;2;alfa;89;2527,14
sim;39,8;193365,6222;2;alfa;60;1001,83
nao;38,0;72649,76838;2;alfa;59;1408,75
nao;31,3;397445,4076;2;beta;96;7024,64
nao;36,7;109950,2075;2;alfa;92;1965,52
nao;32,8;74886,53624;2;alfa;85;4180,03
nao;37,8;216662,106;2;beta;53;1361,78
sim;36,3;205448,6042;2;alfa;43;3351,62
sim;34,9;110453,4529;2;alfa;66;5808,46
nao;39,7;491235,4165;2;alfa;86;7462,37
nao;30,6;16155,83078;1;beta;56;3051,37
nao;34,3;72383,40256;2;alfa;122;5286,17
nao;32,3;382874,5689;2;alfa;127;2750,25
nao;31,5;240246,0212;2;alfa;69;1798,35
sim;37,9;58371,105;2;alfa;121;8368,24
nao;30,9;206965,8114;2;alfa;46;5538,32
nao;36,5;114854,5621;2;beta;125;3453,20
sim;38,6;122129,4551;1;beta;98;1701,38
nao;33,2;30135,96282;1;beta;117;2231,59
nao;38,0;73740,97026;2;alfa;98;4731,32
nao;30,1;198058,5845;2;beta;42;7918,02
sim;32,0;13031,36261;1;alfa;52;3771,49
nao;33,0;176891,87;2;alfa;66;2695,62
nao;30,7;102064,2405;2;alfa;108;3155,83
sim;38,3;266269,2189;2;alfa;155;4581,61
nao;30,3;273582,9707;2;alfa;102;4593,76
sim;34,0;264273,9304;1;alfa;29;3328,52
nao;38,0;134478,0469;2;alfa;69;2502,49
nao;32,0;295205,6701;1;alfa;64;3866,63
nao;30,0;262974,44;1;beta;94;1812,43
nao;33,3;174022,7565;2;gama;129;10234,59
nao;32,8;552847,0427;2;alfa;53;8061,19
nao;33,2;393134,5235;1;beta;94;7069,13
nao;32,9;493817,319;1;alfa;38;6980,68
sim;32,9;539017,4416;1;alfa;81;1682,05
nao;36,4;251820,26;1;gama;57;5240,69
nao;37,5;159253,0572;2;alfa;50;1168,04
nao;37,5;68310,23949;2;gama;79;1949,96
nao;38,4;198952,8936;1;alfa;59;3830,41
nao;34,7;123663,2659;2;beta;70;3142,37
nao;38,7;13458,0283;2;beta;70;2159,72
nao;34,6;28418,273;2;alfa;78;1865,16
nao;37,7;333092,5285;1;alfa;94;2233,78
nao;35,8;34092,45894;1;alfa;124;7362,24
nao;34,9;69475,01939;1;alfa;55;8301,33
nao;36,3;240973,4302;1;alfa;39;3205,79
nao;34,0;178052,4374;1;beta;50;2932,13
nao;37,0;934,2805707;1;alfa;70;6244,01
sim;39,7;98834,08304;2;alfa;52;3026,06
nao;31,8;153758,9034;2;alfa;50;2334,37
nao;33,8;390341,1211;2;alfa;86;2570,22
nao;39,9;326680,1448;1;beta;135;5066,61
nao;38,2;84276,33684;2;alfa;139;3927,45
nao;38,9;80336,24193;2;alfa;99;6151,73
sim;39,9;150254,2165;2;alfa;39;9298,32
nao;34,3;595255,4109;2;alfa;51;3089,03
nao;34,5;240318,5882;1;alfa;58;7625,82
nao;32,6;377525,2417;1;alfa;63;1880,72
nao;30,6;25757,00733;1;alfa;40;5561,32
nao;39,1;55647,95571;2;alfa;113;1086,47
sim;31,8;95718,32788;2;alfa;76;13800,93
nao;35,6;139495,7244;2;alfa;50;1000,07
nao;35,0;239870,4325;1;alfa;58;3116,74
nao;31,0;17126,09262;2;beta;67;2306,68
nao;35,9;572954,1294;1;alfa;39;2159,86
nao;39,9;29724,68623;2;alfa;49;1302,33
sim;34,4;445147,0198;2;alfa;25;1670,08
nao;38,6;189662,1743;1;alfa;45;2543,66
nao;36,8;23179,0235;2;alfa;48;6458,90
nao;32,8;240824,9887;2;alfa;72;3278,29
nao;30,5;484360,2007;2;alfa;96;2275,73
nao;31,3;395851,1971;2;alfa;57;5332,59
sim;38,7;212303,8847;2;alfa;114;1516,39
sim;37,5;146270,0552;1;beta;33;3697,79
nao;30,4;200454,5064;2;beta;38;2034,57
nao;33,6;238812,8264;2;alfa;64;10995,31
nao;35,2;101430,4577;2;alfa;82;4523,61
nao;30,4;158480,2734;2;alfa;96;1443,46
nao;39,2;189168,213;2;alfa;111;2364,67
nao;30,2;258390,3461;1;alfa;86;768,71
sim;37,0;263668,9105;2;alfa;59;3867,44
nao;37,4;201707,8822;2;alfa;54;3844,19
sim;30,2;348570,692;2;alfa;95;6479,51
nao;36,0;114793,6944;1;alfa;69;6164,13
nao;30,8;80500,44249;2;alfa;79;2475,27
nao;39,2;1919,87459;2;gama;77;1632,49
nao;32,1;293814,4946;1;alfa;71;2176,60
nao;35,1;40651,62689;1;alfa;155;1480,21
nao;37,7;392516,5123;2;alfa;82;4616,36
nao;38,5;350023,6038;1;alfa;30;7765,22
sim;36,2;126467,3742;2;alfa;82;9255,44
nao;31,9;34665,84701;2;beta;136;1605,26
sim;36,1;191858,537;2;alfa;108;3698,37
nao;30,3;15719,87839;2;beta;31;3291,28
sim;30,1;272044,4433;2;alfa;105;1934,40
sim;39,8;356918,657;1;alfa;37;5762,39
sim;31,4;122927,5214;2;alfa;33;6535,35
sim;36,3;167776,5552;2;alfa;61;5478,86
nao;31,9;187675,2245;1;alfa;116;2613,53
sim;30,4;588255,8699;1;alfa;143;9501,74
nao;35,3;113164,4376;1;beta;102;6480,29
nao;35,9;157060,1717;2;alfa;75;1720,72
sim;32,5;69995,6201;2;alfa;130;7776,26
nao;38,3;483823,0952;1;alfa;70;1740,33
nao;37,7;305495,8612;2;gama;64;6186,48
nao;34,4;119522,9819;2;alfa;70;1742,91
nao;38,2;152612,3172;2;alfa;115;2157,98
nao;34,0;118072,0478;1;alfa;89;6869,45
nao;33,8;321038,0746;1;alfa;92;5684,79
nao;30,8;417663,5277;2;alfa;92;7176,21
nao;32,1;78745,37907;2;alfa;48;6458,24
sim;31,3;7110,613183;2;alfa;86;4594,37
nao;38,6;16266,32275;2;beta;113;4168,29
nao;36,4;86874,64323;1;alfa;88;4179,99
nao;36,7;250263,3674;1;alfa;66;8094,36
nao;30,1;74658,96848;2;alfa;41;11281,88
sim;33,7;268983,9023;2;alfa;82;1351,46
nao;35,5;180297,0017;1;alfa;102;3661,61
nao;35,9;146834,3781;2;alfa;26;3064,04
nao;32,9;36015,24943;2;alfa;104;2542,57
nao;36,5;393608,6937;2;gama;34;9717,48
nao;30,0;282465,8611;1;alfa;129;9137,91
nao;38,6;573473,3102;2;alfa;31;2599,06
sim;33,6;182640,6957;1;alfa;71;1774,28
sim;36,3;156157,1489;1;alfa;61;6084,18
nao;30,2;158492,863;1;alfa;44;5274,78
nao;32,4;153155,228;1;alfa;67;4108,83
nao;38,9;479843,0494;2;alfa;212;3329,21
nao;39,8;90077,71672;1;alfa;78;1686,54
nao;31,5;277560,8083;2;alfa;41;2787,31
sim;39,8;487171,7075;2;alfa;43;2801,65
nao;30,6;54813,68803;1;alfa;91;6050,90
nao;39,3;40693,76373;2;alfa;75;2279,68
sim;30,9;131092,0656;1;alfa;93;2866,69
nao;34,9;147051,6951;2;gama;42;2446,26
nao;36,8;156393,2724;2;alfa;73;2474,93
nao;34,2;344673,8764;2;alfa;82;7516,54
sim;32,3;133807,3157;2;alfa;65;3303,58
sim;32,9;228743,4306;1;alfa;76;1536,49
nao;34,1;462864,9444;2;beta;133;1965,99
nao;32,2;57749,4496;1;alfa;79;5067,26
nao;35,4;42590,03549;1;alfa;31;1602,21
nao;31,5;146091,7029;1;alfa;114;4024,63
sim;35,9;86105,78557;1;alfa;155;5019,00
nao;39,7;232001,0002;1;alfa;149;2035,92
nao;35,8;300109,7004;2;alfa;34;3527,62
nao;35,0;284223,4372;1;alfa;23;3440,64
nao;30,0;5047,564207;1;alfa;66;4615,65
sim;36,3;303367,5898;1;alfa;55;10482,85
nao;32,0;79115,50194;1;alfa;101;5410,76
nao;31,1;53520,5196;1;alfa;34;1686,60
sim;30,1;213799,531;2;alfa;131;4239,55
nao;35,0;540102,7232;2;alfa;81;3217,86
sim;36,7;449005,3241;2;alfa;88;6736,47
nao;31,5;437393,8046;2;alfa;101;2217,97
nao;35,1;316851,5557;2;alfa;132;1702,21
sim;31,9;192280,4363;2;alfa;81;1718,95
nao;38,3;108752,4117;2;alfa;33;4616,07
nao;35,3;62478,06404;1;alfa;107;3404,10
nao;30,6;125092,0463;2;alfa;29;1520,43
nao;37,2;254808,3073;1;alfa;48;4661,70
nao;30,1;247554,2947;1;alfa;130;8083,47
nao;36,8;425645,8748;2;alfa;37;18155,87
sim;35,8;67851,79635;1;beta;30;2613,70
nao;31,4;81272,50699;1;alfa;74;6836,25
nao;31,9;178153,2958;2;alfa;49;2379,36
nao;37,0;23561,4143;2;alfa;100;2571,01
nao;31,0;370352,5124;1;alfa;96;5148,77
nao;38,2;96090,29865;2;alfa;106;9372,46
sim;33,4;473788,8538;2;alfa;113;6491,17
nao;30,5;183044,8489;1;alfa;54;1794,12
nao;38,6;50300,3945;1;alfa;50;2447,63
nao;38,6;531493,1181;1;alfa;97;10771,43
sim;32,2;360055,6078;1;alfa;62;3928,57
nao;35,5;361735,5773;2;alfa;55;3089,06
nao;32,8;347618,4373;2;alfa;49;4370,44
nao;37,1;105812,2533;2;alfa;38;3855,47
nao;38,0;30267,03271;2;alfa;80;6140,85
nao;30,8;166646,3261;2;alfa;98;4168,25
sim;31,1;312108,7281;2;alfa;92;4627,43
sim;34,6;396329,4854;1;alfa;66;14440,03
nao;33,2;215187,7225;1;alfa;64;12743,01
nao;36,7;174457,2283;1;alfa;111;1651,80
sim;32,4;320703,9796;1;alfa;34;8027,53
nao;39,3;391904,9378;2;alfa;124;6221,00
sim;33,4;112390,0272;2;alfa;79;5100,63
nao;33,1;92333,81248;2;alfa;32;3166,83
nao;35,1;285291,8444;2;beta;55;3206,21
nao;39,6;8033,825841;1;beta;94;4662,28
nao;37,9;212523,7442;2;alfa;110;3636,70
nao;31,4;113130,0945;2;alfa;109;2067,19
nao;39,9;397240,0007;1;alfa;141;3415,24
nao;31,1;192361,7474;2;alfa;67;4501,20
nao;32,0;443410,2432;2;alfa;41;5410,44
nao;35,6;70723,92592;2;alfa;103;2205,07
nao;30,5;91203,61362;2;gama;40;2682,71
nao;30,9;34637,31169;1;beta;27;1442,90
nao;33,9;219065,1304;2;alfa;58;1551,44
nao;37,5;238120,4701;1;alfa;59;5217,43
nao;37,9;85239,71985;2;alfa;137;2217,51
nao;31,4;243344,0451;1;alfa;88;1685,24
nao;35,1;219912,6883;1;alfa;70;2947,65
nao;30,8;126759,1334;2;alfa;72;1775,07
sim;30,1;484265,4645;2;alfa;120;7330,76
nao;37,7;228798,6877;1;alfa;38;22711,43
sim;39,9;127318,1106;1;alfa;84;6017,08
nao;30,9;262267,5484;2;gama;58;1898,41
nao;33,2;18695,83794;1;gama;46;1246,88
nao;39,1;23475,15164;1;alfa;101;5252,53
nao;30,3;110631,9594;1;beta;64;3291,17
nao;33,7;318553,2693;2;alfa;101;2961,32
nao;36,7;156699,3575;1;alfa;73;2084,37
nao;31,2;248552,5135;1;beta;97;1760,72
nao;33,9;36728,38615;2;alfa;55;3143,10
nao;30,8;176452,2194;2;alfa;48;6602,83
nao;38,2;249669,1647;1;alfa;33;1774,71
nao;36,7;171605,0542;1;gama;48;2600,37
nao;30,3;190896,815;2;alfa;108;4673,90
nao;35,1;237804,4708;2;alfa;103;8565,50
nao;30,2;56454,08753;2;alfa;116;5638,60
sim;32,2;41030,62806;1;alfa;62;3229,86
sim;32,7;372243,5516;1;beta;54;4778,62
nao;32,1;98686,7265;1;alfa;40;1516,63
nao;34,4;325189,9739;1;alfa;103;1935,52
nao;30,5;17555,80537;2;beta;23;3243,62
nao;32,5;47395,58689;1;alfa;57;1358,45
nao;32,9;36669,60268;2;alfa;60;3441,25
nao;36,7;235314,4357;2;beta;38;18789,06
sim;33,7;374971,8004;1;alfa;94;3576,89
nao;31,6;260986,128;1;alfa;48;24078,61
nao;33,9;456509,9587;2;alfa;28;1407,35
nao;37,2;132673,5737;1;alfa;69;9978,64
nao;37,1;415128,8182;1;alfa;97;3402,64
nao;30,4;31271,10271;1;alfa;25;2321,06
nao;38,0;332197,2642;2;alfa;107;3181,18
sim;39,1;254234,2792;1;alfa;103;8324,89
sim;30,6;24600,03222;2;alfa;96;6670,35
nao;37,1;395249,3909;2;alfa;117;9308,42
nao;34,1;436358,9463;2;alfa;94;3951,84
sim;35,5;126900,6681;2;alfa;59;1900,86
nao;35,9;22685,16374;2;alfa;63;5205,87
nao;37,5;246994,3904;2;alfa;137;6491,34
sim;38,0;86030,81991;2;alfa;103;8236,59
sim;35,2;570014,9139;2;alfa;77;17699,68
nao;39,3;152976,3295;2;alfa;50;2128,08
nao;30,5;150450,0155;2;gama;50;3540,45
nao;38,6;337283,1043;2;alfa;141;1116,83
nao;36,2;276044,4654;1;alfa;59;2543,66
nao;32,9;274721,4032;2;alfa;125;12688,70
nao;33,8;46731,69913;2;gama;43;3026,75
nao;39,2;185383,4925;1;alfa;51;2734,68
nao;36,5;1746,801646;2;gama;130;6118,46
nao;38,3;237553,9048;1;alfa;150;3230,82
nao;35,0;140702,4977;1;alfa;107;5515,42
sim;36,2;7405,966624;1;alfa;43;4073,09
sim;32,1;56711,19729;2;alfa;66;1542,47
sim;39,6;222800,4058;2;alfa;96;11408,74
nao;34,7;58240,61834;1;alfa;92;5481,04
nao;32,1;160729,8215;1;alfa;43;6379,20
sim;30,4;24596,15545;2;beta;35;3427,73
nao;32,8;62044,2915;1;alfa;94;5457,25
nao;30,1;200522,1407;2;alfa;54;5936,94
nao;37,3;154143,4778;1;alfa;41;2906,84
sim;30,1;375170,5939;1;alfa;33;3987,99
nao;33,9;54356,09126;2;beta;65;2338,02
nao;35,1;306119,8872;1;alfa;96;11377,19
nao;33,0;67520,63899;2;alfa;59;2475,40
nao;30,0;340619,6353;1;alfa;57;3114,31
nao;34,5;359399,4848;2;alfa;101;2962,06
nao;37,8;98315,05608;2;alfa;49;2015,52
nao;32,9;439686,4464;2;beta;67;2882,01
nao;30,2;425597,4251;2;alfa;77;7627,25
nao;33,9;16706,04376;1;alfa;54;3466,11
nao;32,2;282749,1361;2;alfa;77;6412,15
nao;34,8;10538,24058;1;alfa;84;5433,65
sim;32,0;103719,5768;2;alfa;53;9459,52
nao;37,5;186683,1945;1;alfa;139;1866,50
nao;38,5;149607,9155;2;alfa;65;3466,34
sim;31,9;468125,1006;2;alfa;64;2973,30
nao;39,1;252710,6797;2;alfa;26;2378,84
nao;30,5;425914,7994;1;alfa;64;6535,97
nao;36,8;29242,96028;2;alfa;34;5616,51
nao;33,8;167393,9983;2;alfa;75;5031,69
nao;39,4;183588,3343;2;alfa;61;12317,95
nao;34,9;164715,6566;2;alfa;67;7440,06
nao;30,3;277973,1935;2;alfa;61;5321,82
nao;36,7;309738,0962;1;alfa;69;3576,54
sim;30,6;21973,37435;1;alfa;51;15056,14
nao;32,1;285117,6507;2;gama;57;2262,94
nao;35,2;476993,6261;1;alfa;98;2946,98
sim;35,9;214297,4246;2;gama;27;2145,86
nao;39,9;117864,744;2;alfa;126;7473,36
nao;36,2;98236,03325;1;alfa;96;1302,83
nao;36,6;239573,7009;2;alfa;56;1211,70
nao;39,4;343333,4459;1;alfa;40;2364,54
nao;39,2;63600,00115;1;alfa;22;2083,69
sim;30,3;413081,7249;1;alfa;33;14193,60
nao;35,7;72547,54866;1;beta;74;3101,65
nao;37,1;190141,1796;2;alfa;55;1083,61
sim;32,9;49987,48767;2;alfa;130;10558,36
nao;32,2;158922,3457;1;alfa;88;4789,21
nao;39,0;404090,8946;1;alfa;61;1863,99
sim;34,8;220570,5888;1;alfa;55;3540,61
nao;33,6;29564,63449;2;alfa;30;2789,66
nao;31,2;331949,6005;1;alfa;68;13749,99
nao;34,5;305012,7577;1;alfa;109;4836,43
sim;36,2;108266,4871;2;alfa;66;18855,25
nao;30,4;561898,935;2;alfa;40;5205,38
sim;31,8;209656,2125;2;alfa;106;3427,23
nao;35,7;530022,7076;1;alfa;89;4097,33
sim;33,5;140887,3023;2;alfa;79;5854,49
nao;35,4;271323,4151;2;alfa;37;5148,46
nao;37,8;366463,0858;2;beta;52;846,53
nao;37,5;87803,22948;2;beta;66;3625,17
sim;39,0;148885,9998;2;alfa;40;4882,72
nao;34,3;181993,3015;2;alfa;66;7045,99
nao;30,4;387048,5336;1;alfa;44;1811,04
nao;36,5;179474,3059;2;alfa;81;4661,78
sim;37,4;119303,5615;2;alfa;44;17249,65
nao;34,8;346739,1381;2;alfa;88;13198,04
nao;34,7;7809,308509;2;alfa;24;2016,98
sim;38,4;303762,6391;2;alfa;101;2626,89
nao;34,0;212785,0735;2;alfa;89;4478,18
nao;30,1;45667,55201;1;alfa;129;10971,00
nao;39,5;354920,0625;1;alfa;78;3855,39
nao;34,6;70098,73177;1;alfa;50;2881,38
nao;35,3;290189,2935;1;alfa;75;2101,19
nao;32,4;408257,9485;1;alfa;105;4731,99
nao;33,2;72489,47332;2;alfa;165;13410,71
nao;39,1;116566,967;1;alfa;78;3685,95
nao;36,2;515608,1795;2;alfa;103;1703,62
nao;37,3;29767,6902;1;alfa;65;4650,00
nao;33,6;366519,405;1;alfa;43;4594,37
nao;30,4;36034,76921;2;alfa;98;2475,65
nao;33,7;20748,90406;2;beta;122;1552,66
nao;34,3;61178,2528;2;alfa;78;11707,71
nao;31,0;86774,5185;2;gama;43;2775,40
nao;39,5;133037,5005;1;alfa;115;2894,17
nao;30,1;281116,5371;2;gama;69;2868,59
nao;31,1;3753,331745;2;alfa;53;2276,36
nao;31,3;170316,4419;2;alfa;33;2787,71
nao;50,3;80760,42912;1;alfa;136;5751,33
nao;55,8;459250,04;1;alfa;56;4204,15
sim;50,5;79154,05439;2;alfa;168;2113,64
nao;50,6;33881,36451;1;alfa;85;3503,80
nao;58,5;283919,4857;1;alfa;110;6390,13
nao;54,7;56177,51256;1;alfa;44;9621,16
sim;57,4;299441,4632;1;alfa;113;749,60
nao;55,8;158454,4121;1;alfa;124;1572,39
nao;54,9;313725,9809;2;alfa;74;4393,62
nao;58,3;183087,541;1;beta;163;2571,05
nao;50,9;485857,7935;1;alfa;36;1390,38
nao;56,2;502201,5357;2;alfa;81;5399,84
nao;51,7;206944,9043;2;alfa;134;3428,69
nao;51,9;227118,2328;2;alfa;207;15555,00
nao;53,0;246522,4499;1;alfa;45;4204,63
nao;55,9;140021,5738;2;alfa;30;1536,34
nao;51,0;390063,7196;2;alfa;37;4928,06
nao;51,9;336581,7259;2;gama;171;2830,14
nao;52,8;519442,7703;2;alfa;82;3454,54
sim;58,3;82938,04056;1;alfa;33;5503,18
nao;54,4;397888,8264;1;alfa;130;7754,60
nao;51,7;133231,1397;2;alfa;33;1600,85
nao;59,1;365140,9364;1;alfa;73;5274,69
nao;55,3;312887,5794;2;alfa;94;8128,29
nao;57,3;88875,59546;2;alfa;110;4204,71
nao;56,4;89047,56034;1;alfa;82;1081,62
sim;57,6;150669,132;2;alfa;68;3576,01
nao;50,5;181481,854;2;alfa;33;3891,51
nao;50,7;146466,3274;1;alfa;107;3503,37
nao;53,5;150631,3611;1;alfa;145;2404,16
nao;51,1;575042,3224;2;alfa;109;4239,39
nao;56,7;422,8500073;2;alfa;70;2723,07
nao;59,8;209562,6925;1;beta;154;5066,87
nao;52,0;113746,3388;1;alfa;144;6535,80
nao;52,0;406312,4483;1;beta;199;3193,25
nao;52,4;188765,3815;2;alfa;37;2113,78
sim;54,7;530535,8814;1;alfa;145;4593,51
nao;58,6;133251,4398;2;beta;193;5309,20
nao;55,7;253422,8739;1;alfa;130;5821,15
nao;59,7;209081,8924;2;alfa;83;5445,45
nao;59,9;187829,0006;1;alfa;116;7013,85
nao;53,2;88119,60471;2;alfa;116;2306,32
nao;55,4;346330,3482;1;alfa;160;6736,65
nao;55,7;66995,5257;2;alfa;98;4754,92
sim;59,6;384815,9998;2;alfa;163;14450,55
sim;51,8;220303,2329;1;beta;82;2273,57
nao;54,5;66330,40178;1;beta;143;5809,15
nao;51,0;264190,6622;1;alfa;184;6568,04
nao;54,7;536304,7642;2;alfa;52;2987,59
nao;59,3;29049,65732;2;gama;57;4777,82
nao;59,5;364389,0903;2;alfa;30;24401,74
nao;57,7;265432,9315;1;alfa;53;2279,81
sim;58,3;440845,5822;1;alfa;185;10631,89
nao;50,3;101273,3338;1;alfa;145;9877,54
nao;58,4;83347,93939;1;alfa;54;3012,84
nao;50,2;14007,48867;1;alfa;134;3902,75
sim;57,6;54879,7048;1;alfa;74;4927,76
nao;51,0;432207,3373;1;alfa;70;2541,53
nao;57,7;429943,4275;2;alfa;107;13934,92
nao;50,6;300305,2132;2;beta;211;1484,95
sim;55,1;278480,432;1;alfa;169;4204,98
nao;58,5;84755,22992;1;alfa;37;2586,63
nao;53,3;558968,4885;2;alfa;149;20386,36
nao;52,8;189418,8669;1;beta;64;2528,69
nao;51,2;206855,5997;2;alfa;178;9351,23
nao;53,1;375891,2897;2;beta;140;11591,45
nao;57,3;114184,7629;1;alfa;123;3819,17
sim;57,3;165317,5419;2;alfa;116;12883,57
nao;58,7;74251,43377;1;alfa;163;4407,06
sim;58,5;121905,8915;2;alfa;112;2277,84
sim;57,6;255049,6798;2;alfa;32;6118,10
nao;59,0;187108,9075;1;alfa;192;10685,20
nao;50,9;327057,9645;1;alfa;82;1245,21
nao;54,0;150114,8842;2;alfa;44;2018,14
nao;51,5;40873,00417;2;gama;59;3771,84
nao;53,1;139820,016;2;alfa;61;2583,90
nao;56,4;1217,937383;1;alfa;34;4144,66
nao;57,8;282139,6506;2;alfa;100;2516,01
nao;50,1;287234,5724;1;beta;85;1203,75
nao;58,3;100615,0474;1;alfa;89;8477,98
nao;59,3;126184,1862;1;gama;104;1451,46
nao;50,7;259935,2125;2;alfa;151;7035,25
nao;54,1;226099,0132;1;alfa;51;1397,12
nao;54,1;342853,1479;2;alfa;122;3891,01
nao;59,7;208880,7855;2;alfa;98;2050,24
nao;52,6;302132,2887;1;beta;39;4719,73
nao;59,7;2524,914866;2;beta;43;758,13
nao;51,2;65251,84044;2;beta;130;4132,65
nao;52,8;200415,1074;1;alfa;23;837,02
nao;50,3;132763,82;2;alfa;49;4395,24
sim;53,8;290554,3074;2;alfa;68;3965,34
nao;51,4;510214,6931;2;alfa;124;3012,41
sim;51,2;363862,2297;1;alfa;125;2476,37
sim;57,5;29556,50896;2;alfa;125;5252,62
nao;56,4;353167,0661;1;alfa;148;4012,68
nao;56,6;483021,2603;2;alfa;143;9801,55
nao;59,0;230734,5957;2;alfa;42;3503,37
nao;58,2;88919,28675;1;alfa;52;8117,55
sim;51,6;347867,1476;1;alfa;183;8760,97
nao;52,1;165751,8261;2;alfa;74;4156,67
nao;52,3;205389,3275;2;alfa;69;4394,35
nao;51,7;31294,24751;2;alfa;73;10278,66
nao;53,2;59336,9183;2;alfa;173;4638,38
nao;55,5;36161,9297;2;gama;21;636,96
nao;54,8;333001,2478;2;beta;22;4050,34
nao;52,1;384782,142;1;alfa;94;8510,63
nao;57,6;112968,733;2;gama;29;849,79
nao;55,6;139088,4864;1;alfa;65;3636,93
nao;52,5;355506,5539;2;alfa;92;1087,12
nao;50,6;187787,5326;2;beta;140;6255,82
nao;59,2;1297,746706;2;alfa;41;4938,53
nao;51,4;352818,188;2;gama;76;2000,94
sim;57,0;391174,3704;1;alfa;126;2869,57
sim;52,2;222768,4551;1;gama;38;1543,88
nao;50,7;237134,5983;2;alfa;24;1393,93
nao;57,5;96404,14385;2;gama;47;3242,93
nao;50,4;28277,53768;2;alfa;80;9159,18
nao;55,3;179047,4795;2;alfa;66;1968,80
nao;54,7;168521,8999;1;beta;54;3709,60
nao;55,9;124957,2029;2;alfa;57;2205,02
nao;52,8;435559,188;2;alfa;115;2217,09
sim;57,8;463537,0797;1;alfa;181;4238,56
nao;58,2;287897,9592;1;gama;106;1830,80
sim;58,5;15569,58551;2;alfa;91;4012,05
nao;54,5;270137,6917;1;alfa;59;2035,62
sim;56,1;494712,1074;1;alfa;134;12798,14
nao;56,6;26379,69961;2;alfa;75;2893,78
nao;52,1;32482,88014;2;alfa;89;1098,02
nao;52,8;72818,44519;2;alfa;32;4696,44
nao;50,5;123050,2004;2;alfa;38;3891,12
nao;57,8;167299,1879;1;alfa;62;2247,33
sim;50,3;335814,026;2;alfa;159;7242,83
nao;57,4;88622,56156;1;alfa;160;2932,13
nao;54,7;198004,4297;1;alfa;107;3600,99
sim;55,5;156771,5974;2;alfa;115;1984,39
nao;52,7;20118,55653;1;alfa;70;1216,19
sim;54,0;522398,6953;2;alfa;144;2489,07
nao;52,8;372164,3952;2;alfa;28;1332,58
nao;59,8;138613,4141;1;alfa;89;3403,48
nao;57,2;318712,0954;2;alfa;160;2417,61
nao;58,9;66977,77869;2;alfa;120;4442,36
nao;50,5;69903,26125;1;alfa;32;2501,77
nao;54,4;9769,434079;2;alfa;106;9415,59
nao;55,2;33328,05448;2;alfa;89;3089,26
nao;55,1;278484,9033;1;alfa;66;4882,64
nao;53,9;55766,00173;2;alfa;56;2128,32
nao;51,2;32727,79924;1;beta;29;1739,71
sim;54,9;396743,3788;2;beta;28;2734,08
nao;52,4;7020,371235;2;alfa;84;5866,80
nao;54,5;383346,3564;2;beta;144;2763,09
nao;57,8;12558,15194;1;beta;166;3453,77
nao;53,6;107589,5384;1;gama;103;7155,34
nao;52,5;360335,4387;2;alfa;83;5901,21
sim;51,0;577,1721153;2;alfa;73;6791,31
nao;51,1;368826,4759;1;alfa;222;2066,65
sim;54,1;104775,8849;2;alfa;184;9834,53
nao;51,2;13424,54211;2;alfa;46;1162,41
nao;58,9;58645,62841;2;alfa;151;2337,62
nao;52,6;499675,7734;2;beta;169;1038,71
nao;55,3;153059,2816;2;alfa;100;1795,18
nao;57,8;177025,0794;1;alfa;115;6118,00
nao;57,2;464665,1783;1;alfa;48;4604,54
nao;56,9;201210,6141;2;alfa;71;2336,83
sim;51,9;186918,5109;2;alfa;140;6174,18
nao;56,4;401125,6484;2;alfa;95;6947,47
nao;53,2;30320,43562;2;alfa;118;4835,16
nao;50,5;156837,5084;2;alfa;42;16835,92
sim;55,3;47595,95811;2;alfa;181;7670,05
nao;56,2;369111,8046;1;beta;36;4418,59
nao;55,7;9160,979352;1;alfa;43;6902,97
nao;52,2;388760,8177;2;alfa;116;6671,10
nao;58,3;440189,1379;1;alfa;86;2142,79
nao;56,7;250375,2625;2;alfa;42;3063,34
nao;56,4;340470,5986;2;alfa;176;3155,87
nao;51,1;471538,0205;2;alfa;68;2050,19
nao;56,4;494815,8263;2;alfa;51;2145,01
nao;56,5;1549,181013;2;gama;101;1148,82
nao;50,3;192989,4217;1;alfa;75;2707,11
nao;55,4;40776,71318;1;alfa;89;3771,53
nao;59,4;129758,6001;1;alfa;155;3304,46
nao;58,4;429974,0446;1;beta;43;12465,82
nao;55,2;68277,71288;2;beta;169;2643,46
nao;56,2;79145,78852;1;alfa;50;5936,49
nao;54,8;38242,18892;2;beta;25;7494,75
nao;52,3;101825,5425;2;beta;81;9212,67
nao;51,4;525452,6033;2;alfa;58;3192,68
nao;50,3;267148,5687;2;alfa;212;3193,52
nao;56,9;208067,5777;2;alfa;171;2391,31
nao;57,4;270771,1633;2;alfa;65;3340,93
nao;59,3;106070,5067;2;alfa;93;5031,91
nao;56,3;230553,6459;2;beta;60;12719,45
nao;53,4;174399,4407;1;alfa;53;3218,32
nao;54,5;281012,4193;1;gama;141;2100,08
nao;59,6;211787,1174;2;alfa;79;4672,98
nao;57,4;263890,3573;2;alfa;50;3637,62
nao;53,7;173336,5925;1;alfa;73;2893,98
sim;52,0;207943,2558;1;gama;74;1849,10
nao;51,7;334014,3073;2;alfa;225;7658,69
nao;56,8;47030,30598;2;alfa;111;9319,63
nao;50,1;252507,4512;1;alfa;67;4287,84
nao;54,3;425279,2868;1;alfa;80;2918,14
nao;54,4;154710,9306;1;gama;20;1510,00
nao;56,5;180756,5217;2;alfa;31;2488,69
sim;56,0;500389,9791;2;alfa;36;2065,03
sim;57,4;15483,07517;2;alfa;46;5683,79
sim;56,4;325160,3226;2;gama;90;3050,59
nao;57,3;208102,7852;1;beta;61;10161,00
nao;53,0;174898,4268;2;beta;122;9190,56
nao;59,2;16569,09165;2;beta;82;3243,31
nao;59,4;126242,3909;2;gama;46;4074,50
nao;50,7;244848,1005;2;alfa;52;2352,40
nao;51,1;7546,100943;1;alfa;117;1360,34
nao;51,1;256429,8472;2;alfa;154;4276,12
nao;51,7;248851,4115;1;alfa;63;4582,60
nao;50,1;73077,07346;1;beta;34;9490,58
sim;51,9;225209,0471;1;gama;77;1537,36
nao;57,8;6789,034037;2;alfa;144;3340,28
nao;54,5;301892,0493;1;alfa;31;2032,52
nao;51,6;92599,17353;2;alfa;32;6174,49
nao;52,2;238940,096;2;alfa;51;7143,47
nao;59,8;126602,0512;1;alfa;57;3891,01
nao;50,1;42923,47133;2;alfa;66;1398,05
sim;52,1;262448,9676;1;alfa;66;961,95
nao;55,4;154957,9488;1;alfa;74;1630,50
nao;58,4;393698,2895;2;gama;222;1687,96
nao;53,0;236489,9948;1;alfa;155;5020,52
sim;55,8;89869,65669;1;alfa;25;1135,68
nao;58,8;130743,7346;1;alfa;32;2881,34
nao;57,0;37878,49752;2;alfa;120;3928,88
sim;53,8;322551,3913;1;alfa;93;3624,94
sim;55,9;51950,63908;2;alfa;85;2098,39
nao;54,9;287457,9939;1;alfa;160;3697,83
nao;56,8;511385,6361;2;alfa;48;1685,57
nao;56,3;595935,4299;2;beta;54;2351,92
nao;52,5;21784,92439;1;alfa;57;3613,56
sim;53,7;195733,7042;2;alfa;85;9727,79
nao;52,6;488669,6582;1;alfa;68;4264,73
nao;57,7;134647,7097;1;alfa;112;1515,41
nao;53,9;175856,1497;1;alfa;38;4120,83
nao;54,9;22362,38816;2;alfa;108;5078,35
sim;56,5;171226,3547;1;gama;58;2719,37
nao;53,9;342539,6099;2;alfa;61;3782,92
nao;52,6;374326,4084;2;alfa;44;12561,37
sim;56,3;30011,77051;1;beta;39;2999,61
nao;53,6;263042,5047;2;beta;122;8609,84
sim;57,1;391415,8326;1;alfa;37;5515,19
nao;58,8;496273,3345;2;alfa;141;10383,25
nao;59,9;143020,0973;2;beta;104;3710,10
nao;50,1;87477,81436;2;beta;182;10652,99
nao;58,5;94185,0468;1;alfa;51;1511,24
nao;51,8;32700,41065;1;gama;109;3025,36
nao;55,3;56448,14027;1;gama;36;693,46
nao;52,9;181512,8304;2;alfa;70;2245,37
nao;57,4;48451,87466;1;alfa;102;9470,19
nao;51,8;298616,3954;2;alfa;101;4755,68
nao;50,7;247325,7798;2;alfa;34;779,54
nao;57,0;314839,1085;1;gama;33;1721,22
nao;56,3;1014,222249;1;alfa;203;2161,69
nao;56,9;67310,72955;1;alfa;102;1216,94
nao;54,6;451809,9414;1;alfa;111;3552,52
nao;52,4;390968,6496;2;beta;152;2600,04
nao;52,1;352993,6407;2;alfa;31;669,98
nao;59,5;50699,20206;1;alfa;33;4743,91
nao;57,0;156676,7421;1;alfa;115;13643,33
sim;53,3;124550,3411;2;alfa;56;1724,05
nao;57,6;84275,5068;1;alfa;158;5043,34
sim;51,7;387027,4337;1;alfa;61;6880,34
nao;54,6;285162,2766;2;alfa;26;11890,63
sim;56,7;77951,01129;1;alfa;153;6174,49
nao;54,8;271541,0369;1;alfa;165;2750,61
nao;53,2;76852,9556;1;alfa;115;4370,72
nao;57,2;80154,67171;2;gama;26;7331,27
sim;50,0;201206,1661;1;alfa;44;1363,21
nao;54,1;231588,6794;2;beta;72;868,88
nao;58,2;514960,6316;1;alfa;157;5101,46
sim;59,3;57308,41522;1;alfa;132;7373,28
nao;53,7;348944,4222;1;alfa;117;1932,38
nao;58,6;134703,0872;2;alfa;148;4582,68
nao;50,8;175222,3565;2;alfa;133;13081,71
sim;55,0;485268,8431;2;alfa;139;2319,42
nao;51,8;65354,36356;2;alfa;101;1255,65
nao;52,5;310592,5429;2;beta;70;10813,57
nao;54,2;48276,40703;1;alfa;57;3154,56
sim;51,1;529114,0208;1;alfa;159;3515,44
sim;58,7;143619,0402;2;alfa;69;4239,19
nao;52,3;144104,4766;2;alfa;70;1247,02
nao;54,6;222378,2052;1;alfa;162;11793,64
nao;57,6;32522,72114;1;alfa;62;2260,36
sim;54,8;392879,9618;1;alfa;76;5159,26
nao;51,0;111170,2446;1;alfa;113;2018,50
nao;54,3;59159,32522;2;alfa;27;1846,61
nao;58,6;378071,0169;1;alfa;42;3389,47
sim;59,3;104885,7084;2;alfa;163;10020,47
nao;52,4;73024,65862;1;gama;98;8740,12
nao;55,1;272960,7151;2;alfa;112;2462,39
nao;54,1;88308,64023;2;beta;82;4408,07
nao;51,1;185635,9241;1;alfa;27;8933,63
nao;57,1;157970,4143;2;gama;43;3243,50
nao;56,7;19663,68541;2;alfa;55;4995,67
nao;55,6;499548,5111;1;alfa;133;5170,85
nao;58,5;107752,3393;1;beta;127;4835,29
sim;56,4;221664,7694;2;gama;122;2750,69
nao;50,8;84531,38466;1;alfa;149;1328,11
sim;55,2;587221,8408;2;alfa;70;10245,37
nao;58,4;386778,9483;2;alfa;62;7056,85
sim;56,3;454586,2899;1;alfa;39;3939,43
nao;56,3;403727,382;2;gama;31;2541,45
sim;51,9;85215,57303;2;alfa;73;4155,72
sim;52,9;70413,50538;2;gama;29;2462,05
nao;57,3;28516,02384;2;alfa;77;1849,21
nao;55,0;187049,8023;2;alfa;81;12455,11
nao;54,5;254933,4137;2;alfa;124;5514,72
nao;57,4;478744,1942;1;alfa;66;2720,90
nao;52,6;144417,8384;2;alfa;81;3088,76
nao;54,4;69570,6467;1;alfa;87;4650,45
nao;54,9;137563,3042;2;alfa;110;2694,41
nao;57,1;176539,365;1;alfa;132;1793,29
nao;59,8;308381,3644;2;alfa;147;2276,72
nao;57,5;456516,379;2;alfa;158;18345,96
nao;50,9;176249,7093;2;beta;62;7265,63
nao;54,2;59578,5031;2;beta;96;2082,13
nao;59,7;235234,3771;2;alfa;147;5020,17
nao;54,0;146235,5503;1;alfa;200;2033,77
nao;52,7;6513,986819;2;alfa;89;3637,47
nao;55,2;420066,2365;2;gama;149;6118,72
nao;56,8;220800,1521;1;alfa;66;2432,25
nao;54,3;469811,9327;1;alfa;46;2894,21
nao;52,2;265574,0859;1;alfa;74;3600,87
nao;59,4;496467,4408;2;alfa;161;6209,10
nao;53,9;3623,335538;1;alfa;70;6333,04
nao;51,8;10627,2672;1;alfa;88;3759,60
sim;58,4;448437,6404;2;alfa;31;9911,62
nao;57,6;143237,6025;2;alfa;117;5889,77
nao;58,1;259623,8546;2;alfa;38;1627,83
nao;52,2;468255,9386;2;beta;89;2099,69
sim;59,9;156686,861;1;alfa;155;4638,22
sim;53,5;26290,14049;2;alfa;55;2032,92
nao;57,9;470810,6732;2;alfa;228;3637,24
nao;56,8;242967,7762;2;alfa;76;5136,34
nao;55,5;98049,94325;2;alfa;34;7176,65
sim;54,9;176464,3764;2;alfa;110;816,00
sim;59,9;401872,7792;2;alfa;88;1424,18
nao;59,8;104042,9062;2;alfa;65;1936,00
nao;55,4;336226,872;2;alfa;92;11502,58
nao;58,8;230223,6875;1;alfa;177;5605,09
nao;55,8;115627,021;2;alfa;42;1149,72
nao;53,9;180504,9231;2;alfa;135;9063,48
nao;54,4;420261,8995;2;alfa;177;8071,70
nao;57,2;254555,0184;1;alfa;25;2082,28
sim;55,7;149781,9192;2;alfa;32;1898,30
nao;55,6;130265,9145;2;beta;136;9675,26
nao;57,5;240080,6348;1;alfa;139;12861,81
nao;56,7;66745,54848;1;alfa;199;7330,95
nao;50,2;26796,18705;2;gama;139;3564,51
nao;55,3;458936,6873;2;alfa;96;6637,26
nao;51,2;166392,08;2;alfa;106;5719,11
sim;50,1;364984,2552;1;beta;68;3760,07
nao;58,0;422180,934;2;alfa;45;2960,61
nao;51,6;17653,27449;1;beta;71;12507,60
nao;50,8;290647,0717;1;gama;192;9009,01
nao;52,2;271962,3254;2;alfa;91;3315,84
nao;59,1;268752,3297;2;beta;145;2961,86
nao;57,1;38440,77549;1;alfa;67;3684,99
nao;56,1;163259,6615;2;alfa;181;2161,88
sim;57,5;78273,36749;1;alfa;115;7220,42
nao;52,1;258889,3983;2;alfa;134;4581,78
nao;53,2;86049,98366;2;alfa;117;2233,55
nao;55,8;270720,1665;2;alfa;91;10427,31
sim;54,1;350601,9264;2;alfa;172;2445,58
nao;55,5;328499,7369;1;alfa;154;5399,43
nao;52,3;408498,6006;1;alfa;132;5707,05
nao;54,3;360193,3783;1;alfa;146;4370,03
nao;59,3;95354,20292;1;beta;28;4489,53
nao;50,5;45444,82038;2;gama;221;14892,69
nao;55,4;180026,1067;1;alfa;51;1166,85
nao;59,9;122353,0133;1;alfa;58;3735,68
sim;51,8;474957,9687;1;alfa;112;13283,46
nao;57,1;244298,1219;1;alfa;116;2973,46
nao;50,8;342894,3564;2;alfa;163;2378,93
nao;57,9;99255,7222;2;alfa;79;1778,30
nao;56,8;319673,4383;2;alfa;76;1812,55
nao;58,5;436334,4331;2;alfa;115;3915,97
nao;55,7;105091,63;2;alfa;161;3219,36
nao;59,7;283103,4843;1;alfa;95;11069,40
nao;57,9;33893,95797;2;beta;127;3866,28
sim;58,0;274473,5426;1;alfa;38;4960,42
sim;54,3;134835,7769;2;alfa;186;11513,88
sim;58,5;208374,8405;1;alfa;101;7516,94
nao;53,0;87247,21775;2;alfa;45;4638,67
sim;51,6;115762,1549;1;alfa;95;1202,67
sim;52,8;263299,7582;1;alfa;55;3794,65
nao;54,9;164048,0671;2;alfa;115;3975,89
nao;57,3;140303,7192;1;alfa;136;3076,36
nao;51,4;274510,5345;1;alfa;75;6579,11
nao;58,7;221861,28;1;alfa;104;1486,15
nao;51,9;216732,4985;1;alfa;87;5924,69
sim;50,6;186281,6398;2;alfa;88;4156,63
nao;53,5;17316,57902;2;beta;26;2101,91
sim;51,3;327289,7794;1;gama;118;7712,32
nao;53,0;140575,5622;2;beta;82;3353,42
nao;52,8;72897,59433;2;beta;66;2065,08
nao;53,5;91567,22268;1;alfa;66;4381,85
nao;52,2;93607,13875;2;alfa;29;1402,63
sim;53,2;289823,9675;2;alfa;92;2828,63
sim;54,7;61912,00234;2;alfa;89;5159,74
nao;56,0;87465,72719;2;gama;42;1686,35
nao;53,4;34166,26387;1;alfa;73;2614,19
sim;55,4;205198,051;1;alfa;88;8128,22
nao;56,5;442510,818;2;alfa;31;10010,04
nao;58,8;333514,2279;2;alfa;66;1474,36
nao;59,8;186246,9103;2;alfa;78;3243,39
nao;53,8;17686,89853;1;alfa;179;4000,45
nao;53,1;305109,1386;1;gama;63;1898,08
sim;59,7;89314,59578;1;beta;63;2761,81
sim;56,1;244156,0684;1;alfa;98;2541,87
nao;55,0;205153,2637;2;alfa;55;7571,43
nao;57,6;208810,1967;2;beta;57;7396,20
nao;56,2;372649,4473;1;alfa;126;12049,24
nao;53,5;93006,88071;1;alfa;165;3154,64
nao;59,5;529434,7032;1;alfa;86;1577,87
nao;52,0;338057,7931;1;alfa;106;2668,70
sim;55,8;155839,5607;2;alfa;135;1648,98
nao;55,4;266748,4587;1;beta;109;8323,88
sim;54,5;112009,8477;2;alfa;84;5479,79
nao;56,8;76699,0374;1;beta;30;4442,69
nao;57,2;454002,3588;1;alfa;30;3540,68
nao;59,7;533226,5367;2;alfa;40;7013,85
nao;59,5;50612,50651;2;alfa;47;1685,05
nao;58,4;310027,8822;1;alfa;92;9490,39
nao;59,9;401080,9441;2;alfa;57;2748,21
nao;55,8;186755,3015;1;alfa;164;4501,12
sim;56,6;266254,7931;1;alfa;119;3365,33
sim;56,4;292419,3801;1;alfa;53;8643,24
nao;54,2;65095,64734;2;alfa;159;4696,64
sim;52,4;286515,915;2;alfa;111;3540,68
nao;57,0;3408,929736;2;alfa;195;2613,90
nao;58,5;94357,92452;2;alfa;120;2294,05
nao;56,2;181564,7604;2;alfa;72;17860,71
nao;57,1;48005,81329;1;alfa;85;14408,21
sim;54,9;284119,0446;1;alfa;79;2708,73
nao;56,8;338732,1541;2;alfa;53;1847,58
nao;51,6;246222,912;1;alfa;102;5650,36
nao;52,1;328623,0624;1;alfa;100;2529,53
nao;51,0;293107,5615;1;alfa;85;1199,22
nao;52,1;343220,4199;1;alfa;52;5479,33
nao;53,4;16470,76111;2;alfa;136;2157,84
nao;56,7;175948,3304;2;alfa;96;2143,22
nao;56,4;30264,54269;2;alfa;151;11154,77
nao;59,6;17309,9344;2;alfa;117;10384,17
nao;56,2;63415,46005;2;alfa;186;1164,29
sim;52,0;60716,63429;1;alfa;99;1513,12
nao;59,3;261950,4763;1;alfa;115;1831,83
nao;54,1;42704,15154;1;alfa;63;6692,42
nao;52,0;135862,9623;2;alfa;37;1520,75
nao;58,3;178937,9281;1;alfa;115;1441,03
sim;55,2;115245,3255;1;alfa;83;3759,33
sim;56,8;157517,1329;2;alfa;67;1596,90
nao;50,8;381891,1865;2;alfa;78;5148,90
sim;59,6;15542,57643;2;alfa;42;3255,92
nao;52,9;241650,7639;1;alfa;161;3878,10
nao;51,7;152852,6331;1;gama;137;1511,65
nao;44,4;58602,97846;1;alfa;62;2377,76
nao;41,2;19669,52907;1;alfa;151;2306,41
nao;46,2;496554,4359;1;alfa;165;9007,77
nao;42,6;33614,30833;2;alfa;193;7818,98
nao;48,9;126030,6215;2;alfa;193;2842,00
nao;49,9;126269,2085;1;alfa;137;1915,25
nao;45,2;91067,32833;2;beta;26;6579,95
sim;47,4;22184,93488;2;beta;151;5582,78
nao;42,3;334482,1089;1;alfa;211;9759,72
nao;40,2;316422,2149;2;alfa;203;4191,53
nao;41,6;138615,3693;2;alfa;42;4074,03
nao;47,9;388419,4792;1;alfa;75;3129,67
nao;43,6;62008,68222;1;alfa;75;899,33
nao;40,4;364790,1059;2;alfa;41;2600,00
nao;40,7;431432,1607;1;beta;137;9912,15
nao;45,8;156488,3553;2;alfa;210;11016,49
nao;42,0;148369,7482;2;gama;173;8687,00
nao;45,6;218748,3319;2;alfa;64;4582,02
nao;43,0;69217,27283;2;alfa;59;1543,33
nao;41,1;75788,25119;2;gama;58;3866,67
nao;41,7;132632,3256;2;beta;99;3441,98
nao;47,2;183017,6804;1;gama;28;4835,67
sim;48,2;91684,04982;1;alfa;98;6424,01
nao;41,2;73634,25064;2;alfa;39;1515,41
nao;44,6;403246,8098;2;alfa;30;1115,85
nao;49,2;139681,5107;1;alfa;210;3950,75
nao;48,6;55826,23423;2;gama;172;2191,56
nao;44,3;248924,6407;2;alfa;201;5627,93
nao;41,5;134934,9805;2;alfa;180;2918,49
nao;43,9;87600,77039;2;alfa;248;3063,30
nao;48,8;106300,3864;2;alfa;216;5321,01
nao;40,0;344818,2028;1;alfa;80;4264,61
nao;48,5;52941,05488;1;alfa;145;1719,90
nao;40,0;181860,9074;1;alfa;107;7035,38
nao;48,0;52374,85813;2;alfa;185;5936,19
nao;41,8;377477,4461;2;alfa;42;1898,03
nao;43,8;300490,1444;1;alfa;178;3527,70
nao;42,2;307345,5161;1;beta;44;3340,28
nao;43,5;237422,2998;1;beta;42;1103,21
nao;44,7;156527,184;2;alfa;123;6747,58
nao;48,5;406283,2722;2;alfa;66;3662,30
nao;42,8;41853,69813;2;alfa;218;2721,18
nao;42,7;194438,5131;1;beta;57;2337,67
nao;49,6;270690,6604;1;alfa;190;12062,66
nao;40,7;119042,2681;1;alfa;62;3916,20
nao;42,5;40187,78428;1;alfa;163;11547,06
sim;45,2;185944,0471;2;alfa;207;20798,55
nao;46,1;78120,77014;2;alfa;112;12106,28
sim;41,1;202019,7717;1;alfa;195;2814,63
nao;44,8;192878,0698;2;alfa;40;3025,90
nao;48,4;303389,2272;1;alfa;120;6117,79
nao;44,4;161024,2122;2;alfa;125;3156,41
nao;47,1;464011,9175;1;beta;211;1981,18
nao;47,7;54119,90095;1;alfa;236;5020,04
nao;42,4;324877,1327;1;alfa;66;6479,90
nao;46,5;124489,0249;2;alfa;207;10950,35
sim;41,5;91463,06075;2;alfa;160;4672,40
nao;44,3;38707,02859;2;alfa;197;2515,72
nao;40,3;95753,85953;1;alfa;142;1484,87
nao;41,9;219060,5609;2;alfa;94;2278,15
nao;44,4;53540,23623;1;beta;46;5433,93
nao;41,6;393275,3634;2;alfa;50;1507,44
nao;41,8;144105,3867;1;alfa;185;1277,84
nao;42,4;321376,9575;1;gama;48;5751,23
nao;41,4;413183,5138;2;alfa;112;7351,98
nao;44,2;130003,6615;1;alfa;118;4755,30
nao;45,3;263152,6182;1;gama;36;8061,26
sim;42,9;706,4293113;2;alfa;74;6968,32
sim;43,0;207245,3143;2;alfa;146;4718,65
nao;41,0;190929,8294;1;alfa;242;9372,36
nao;46,9;129870,333;2;alfa;74;1191,09
nao;40,4;73108,41057;1;alfa;117;4074,15
sim;47,7;9276,518353;1;alfa;118;2233,14
nao;42,9;19120,02316;1;alfa;149;6491,62
nao;40,4;539535,6081;2;alfa;188;8806,52
nao;40,2;32321,97974;2;alfa;61;3902,67
nao;45,1;419188,5157;2;alfa;125;7776,82
nao;49,5;290589,032;1;alfa;143;4894,09
sim;47,2;413718,5177;2;alfa;114;1300,09
nao;41,5;89553,57244;2;alfa;214;9008,30
nao;40,4;406914,1309;1;alfa;43;2337,36
nao;41,3;40557,44437;1;alfa;78;1965,99
nao;41,4;112647,7331;1;alfa;105;2306,81
sim;40,2;164293,3457;1;alfa;132;3389,66
nao;47,5;157128,0599;2;alfa;259;2959,13
nao;47,8;393738,6055;2;alfa;130;5206,54
nao;47,3;357964,5452;2;alfa;125;3142,25
nao;41,7;315792,3059;1;alfa;157;7265,56
nao;41,2;428622,1129;2;alfa;72;3747,68
nao;45,8;146188,8558;2;alfa;154;5639,26
nao;44,3;62235,421;1;beta;90;7973,25
sim;41,8;284767,847;1;alfa;60;14515,84
nao;46,3;235190,6752;1;alfa;114;5673,22
nao;49,7;43558,59323;2;alfa;99;6824,54
nao;48,7;68786,76548;2;alfa;174;2842,27
nao;48,2;426490,477;2;alfa;144;1998,75
sim;44,1;90449,24807;1;alfa;69;3698,52
nao;47,6;95858,82329;2;beta;39;10203,80
nao;45,9;92010,78788;2;alfa;51;2262,44
sim;40,6;127644,2282;1;alfa;219;4430,13
nao;43,1;390359,7366;2;alfa;114;8004,99
nao;44,8;478753,3397;2;alfa;249;6891,83
nao;41,8;268343,9451;2;alfa;88;19972,54
nao;42,4;402143,4281;1;alfa;37;4381,52
nao;46,4;167554,3178;2;gama;225;2695,06
nao;48,7;252262,9924;2;gama;83;5182,00
nao;47,9;42354,49307;2;alfa;61;2830,14
nao;40,7;129034,1078;1;alfa;146;3428,53
nao;41,2;33022,10564;2;gama;237;4407,46
nao;47,1;139956,364;1;alfa;35;4604,58
nao;49,6;30899,96908;1;beta;147;5467,71
nao;49,3;14457,37869;2;alfa;124;3891,36
nao;42,0;213548,9654;2;alfa;201;5286,49
nao;43,4;166634,4469;1;beta;139;2231,81
nao;40,4;188744,4977;1;beta;111;1828,22
nao;40,9;246222,8174;1;gama;205;2447,29
nao;45,0;207442,4208;2;gama;122;2050,04
nao;40,3;169556,7007;2;alfa;73;6703,46
nao;42,6;46265,00246;1;alfa;258;7550,02
nao;42,2;246579,8621;1;alfa;112;3976,32
nao;44,6;153611,6086;2;alfa;34;2141,79
nao;46,9;256762,4598;1;alfa;66;3782,84
nao;47,7;159868,4395;2;alfa;195;4916,56
nao;49,1;149155,3523;1;alfa;111;2707,11
nao;48,6;144642,5975;1;gama;52;2218,24
nao;49,1;72021,25669;1;alfa;87;3746,87
nao;45,2;250315,4707;2;alfa;144;2475,02
nao;45,1;95445,42629;2;alfa;111;1330,12
nao;43,6;497404,3958;2;alfa;135;5241,19
nao;49,4;60574,90664;2;alfa;77;847,62
nao;45,2;383394,4166;2;alfa;161;1480,73
nao;41,4;24440,44272;2;beta;134;4418,84
nao;47,4;99449,92176;1;alfa;187;6062,18
nao;46,3;20581,82468;1;alfa;71;3662,30
nao;42,5;83319,19936;2;beta;168;1701,70
nao;49,8;194106,3191;2;alfa;178;6513,90
nao;40,0;399671,418;2;gama;149;2917,90
nao;47,0;80441,83948;2;alfa;259;6038,81
nao;47,0;186395,3498;1;gama;260;8653,41
nao;48,4;55635,80061;1;gama;115;8323,65
nao;49,4;251690,0051;2;alfa;116;14631,79
nao;47,0;58766,1788;2;alfa;192;3116,47
nao;49,5;41351,55081;2;beta;131;13250,53
nao;40,6;403297,5586;1;alfa;92;5399,61
nao;44,4;178746,4546;2;alfa;76;5605,00
nao;48,3;293726,0067;1;alfa;87;904,03
nao;45,7;83734,8519;2;beta;153;18197,61
nao;47,4;161534,8931;2;gama;19;2019,25
nao;49,4;66885,10593;1;alfa;91;6624,99
nao;48,7;34844,52457;1;alfa;154;5113,09
nao;40,5;274977,4179;1;alfa;111;4120,99
sim;44,2;72464,19856;2;gama;87;3685,30
nao;45,9;317104,9957;1;alfa;73;6140,33
nao;47,7;174780,5373;2;alfa;185;7873,97
nao;42,4;335581,797;2;beta;152;1580,36
nao;40,8;92811,44254;1;alfa;205;2627,67
nao;42,9;167700,7562;2;beta;154;8522,00
nao;47,3;42443,20716;2;alfa;51;1965,36
sim;40,9;266291,0117;2;alfa;140;8795,57
nao;46,7;15961,96585;2;gama;107;13862,10
nao;42,2;8647,985444;1;alfa;181;5274,42
nao;45,2;362042,173;2;alfa;216;8335,35
nao;48,8;137428,8536;2;beta;89;6579,05
nao;40,6;272186,1505;1;alfa;191;1300,34
nao;41,9;575064,355;1;alfa;86;2600,41
nao;49,7;345845,4427;2;alfa;51;17070,98
nao;48,8;84042,79405;2;gama;148;2307,65
nao;45,9;393728,524;1;alfa;147;9319,17
nao;41,2;175240,5951;1;beta;26;10428,13
nao;41,4;184063,4804;1;alfa;180;3624,90
sim;49,8;495598,7255;2;alfa;46;2114,55
sim;49,9;471281,5363;2;alfa;61;1952,01
nao;42,7;22582,66991;1;alfa;81;5100,98
nao;42,7;122499,4243;2;alfa;176;8708,01
nao;49,2;63396,98011;2;beta;86;4744,67
nao;41,1;100238,6179;1;alfa;151;8118,22
nao;43,6;281124,1837;1;alfa;172;5502,76
nao;49,9;233372,7302;1;alfa;151;5411,17
nao;48,4;14800,73574;2;beta;50;967,06
nao;49,8;258545,5766;1;gama;160;2961,78
nao;43,3;325672,534;1;alfa;167;3441,71
sim;48,1;228163,1914;1;gama;121;3771,38
nao;48,5;51769,63158;2;alfa;206;21520,85
nao;48,0;96101,42647;2;alfa;58;1516,14
nao;46,8;409456,7846;2;alfa;57;3128,90
nao;45,1;96621,13477;2;beta;75;1257,67
sim;40,6;265429,7228;1;alfa;87;16739,39
nao;42,9;319725,9798;1;alfa;59;3565,70
nao;43,5;55793,27502;1;alfa;53;1848,25
nao;40,9;64822,57166;2;alfa;136;1882,27
nao;40,3;167434,7128;1;alfa;71;8444,79
nao;40,0;391917,4036;2;alfa;40;2528,48
nao;47,1;599177,8229;1;alfa;129;1083,39
nao;42,6;3226,680004;1;alfa;103;2294,05
nao;42,8;98888,70561;2;alfa;43;8554,76
nao;45,7;47493,52006;2;alfa;205;1253,07
nao;40,9;224647,1349;2;alfa;79;1039,46
nao;45,9;113585,392;2;alfa;96;2655,17
nao;47,7;397502,8828;2;alfa;129;2973,07
sim;41,1;231793,9278;2;alfa;209;1792,82
nao;42,0;64993,80259;1;alfa;112;11208,72
nao;48,4;136088,1696;2;alfa;46;6266,62
nao;40,8;128053,411;1;beta;160;2204,56
nao;46,9;356897,8997;2;alfa;191;2405,54
sim;49,1;132235,5371;1;alfa;145;6084,96
nao;46,4;44121,74592;2;beta;184;5252,40
nao;40,1;90608,20059;2;gama;24;4311,12
nao;43,9;390446,0651;1;alfa;75;2446,65
nao;48,6;161466,627;2;gama;173;2985,72
nao;49,5;40965,92548;2;gama;81;3050,44
nao;47,2;37648,19737;2;alfa;51;2586,13
nao;41,8;7340,29519;2;alfa;79;6880,76
nao;44,9;144087,7076;2;alfa;132;9265,81
nao;49,1;450570,6051;1;alfa;42;13007,71
nao;47,6;282869,2867;2;gama;225;2670,40
nao;47,1;249882,1407;2;alfa;110;2775,84
nao;42,4;99192,86709;1;gama;143;3128,86
nao;44,8;289701,6198;1;beta;20;1169,89
sim;40,5;59305,59212;1;alfa;33;1980,67
nao;47,7;341917,4903;2;alfa;99;5008,66
nao;48,6;291588,7713;1;alfa;139;5502,62
nao;45,5;316633,6889;1;alfa;67;3490,77
sim;47,5;422988,492;2;alfa;56;5993,38
nao;45,0;10569,38754;1;alfa;79;3217,98
nao;43,9;8129,928973;2;alfa;80;3440,41
nao;43,1;66079,33729;2;alfa;138;1773,74
nao;41,7;47786,61749;2;alfa;84;2446,73
nao;40,4;480494,3596;1;alfa;132;3143,33
nao;47,3;45665,03918;1;gama;243;16804,16
nao;44,1;206075,73;1;beta;211;4024,36
sim;46,7;355938,645;2;alfa;175;3206,10
nao;48,2;136117,995;2;alfa;102;1436,98
nao;45,3;221303,3634;2;beta;144;6140,43
nao;45,6;571504,3098;2;alfa;82;1777,40
nao;45,5;11479,82525;2;beta;43;1916,16
nao;40,6;159299,4555;2;alfa;130;1845,87
sim;42,8;94176,17715;1;beta;79;3452,62
nao;44,1;513095,8309;1;alfa;119;5467,48
nao;41,3;13519,65866;2;alfa;143;2906,69
nao;46,9;238306,3262;1;beta;128;992,61
nao;41,6;143287,5187;2;alfa;134;5297,43
nao;40,4;424639,1412;1;beta;155;5194,27
nao;47,6;107875,6584;2;alfa;61;11934,27
nao;43,1;100649,7265;2;alfa;135;1815,45
nao;47,4;189325,5987;2;alfa;196;5615,85
nao;40,7;9495,882135;2;alfa;100;8172,42
nao;41,6;215412,1428;1;gama;38;10289,23
nao;44,4;24641,51955;1;alfa;84;6267,15
nao;49,4;168826,0044;2;alfa;142;5446,14
nao;47,6;452736,5829;2;alfa;179;3279,18
nao;47,7;232670,0488;2;alfa;202;8312,88
nao;45,7;220796,6258;2;gama;129;4972,40
nao;44,7;354170,0919;2;alfa;86;2307,03
nao;40,3;454204,7202;2;alfa;171;4871,19
nao;43,9;84907,33569;1;alfa;246;2052,37
nao;42,8;268102,5228;2;alfa;129;1408,65
nao;40,8;89518,46781;2;beta;191;5582,78
nao;46,8;272713,4112;2;alfa;170;3328,71
nao;49,8;46630,14236;2;gama;39;5707,09
nao;40,5;360254,1159;1;beta;191;5914,19
nao;47,7;146323,7688;2;alfa;82;10160,89
nao;49,1;287625,1519;2;alfa;74;6980,26
nao;48,1;267322,9787;2;alfa;37;6625,16
sim;48,9;326040,7894;2;alfa;57;2049,99
nao;44,5;81938,74432;1;alfa;177;1774,04
nao;44,3;188632,9174;1;gama;167;7198,98
nao;47,9;455048,6568;2;alfa;65;4972,18
nao;45,4;28623,06316;1;alfa;39;3024,47
nao;41,7;224743,9356;1;alfa;84;4358,02
nao;40,7;162275,4253;2;beta;86;2641,26
sim;42,2;183719,1648;2;alfa;41;6254,44
nao;42,3;307702,1278;2;alfa;50;6140,95
nao;42,3;149214,9559;1;alfa;148;13367,28
nao;43,0;191297,4767;1;alfa;138;1865,22
nao;48,2;556106,2555;2;alfa;127;2669,39
nao;48,2;12596,66402;1;alfa;82;5718,58
sim;45,2;41576,0032;1;gama;75;5308,93
nao;46,3;111585,3728;2;beta;32;6085,01
nao;42,2;23706,53025;2;alfa;112;9265,62
nao;44,0;580560,0361;2;alfa;65;1487,26
sim;42,7;146973,4091;1;alfa;44;1211,85
nao;42,3;138736,0275;1;alfa;220;2906,25
sim;47,7;371188,3633;2;alfa;99;2292,76
nao;40,3;116001,3206;1;gama;174;12037,95
nao;45,7;45147,07743;1;alfa;47;5366,69
sim;46,3;216665,1704;2;alfa;55;1445,59
nao;49,1;227363,5155;2;alfa;158;4310,72
nao;47,1;176792,4315;2;alfa;86;5527,01
nao;49,8;119727,5117;2;alfa;148;6255,82
nao;40,7;411858,9794;2;gama;53;3577,46
nao;48,9;339639,9383;1;alfa;183;3540,26
nao;43,3;244121,725;1;alfa;51;1950,22
nao;42,6;186654,3499;1;alfa;174;1634,25
nao;42,0;187811,3418;2;alfa;97;5229,93
nao;41,4;76412,86083;1;alfa;88;2219,43
nao;47,6;150366,1801;2;alfa;195;4916,09
nao;49,4;71690,55924;1;alfa;191;2974,82
nao;47,7;8449,558699;1;alfa;191;8248,19
nao;40,5;187198,5509;2;alfa;109;6935,30
nao;45,6;82235,73819;1;alfa;64;2541,95
nao;45,5;148412,1759;2;alfa;53;10663,73
nao;49,6;120615,9102;1;alfa;189;3527,78
nao;44,5;285718,8522;1;alfa;29;3102,96
nao;47,6;296152,4424;2;alfa;108;2882,40
sim;41,0;164434,3196;2;alfa;109;15112,00
nao;49,3;82035,80417;2;gama;184;6557,48
sim;45,3;46192,59479;1;alfa;86;8576,97
nao;40,7;17546,2886;2;gama;145;2082,67
nao;49,6;98740,10291;2;alfa;113;1949,70
nao;44,9;336450,615;1;alfa;109;2404,90
nao;45,9;123753,8983;1;alfa;132;4697,19
nao;49,1;179408,2685;2;alfa;158;1581,75
nao;45,2;224951,8781;2;alfa;51;3050,79
nao;42,3;27530,48083;2;alfa;152;7002,75
nao;42,8;10856,0703;1;alfa;40;2404,55
nao;47,2;88101,65848;1;beta;27;1570,67
nao;47,0;181797,7184;1;alfa;114;2999,80
nao;49,8;117647,4428;1;alfa;83;3154,22
nao;46,8;241723,6481;2;beta;23;2192,02
nao;49,1;179774,5086;1;alfa;41;1795,41
nao;49,1;55164,26912;2;beta;262;6435,43
nao;41,9;169652,9584;1;alfa;172;7819,19
nao;49,7;97363,18172;2;alfa;50;2655,49
nao;49,1;106995,3045;1;gama;196;1935,78
nao;44,1;389058,4249;1;alfa;84;4961,50
nao;49,1;27130,17732;1;alfa;214;13356,63
nao;40,0;149869,9212;1;alfa;157;5925,49
nao;46,2;103777,5661;1;alfa;139;4119,65
nao;46,4;73368,83967;2;beta;34;2880,79
nao;49,5;91057,63079;2;alfa;101;4789,97
nao;45,4;528211,1707;2;alfa;168;4121,11
nao;48,2;219090,7118;2;alfa;75;2641,42
nao;45,4;287360,4552;2;alfa;112;14729,00
nao;49,8;288667,3405;2;alfa;141;1796,59
nao;44,0;399261,4852;2;alfa;120;5820,76
nao;48,0;197668,5478;1;alfa;65;2432,46
nao;44,2;252422,7349;2;alfa;136;11514,02
nao;41,7;152548,9134;1;alfa;100;1720,28
nao;44,2;96700,62133;2;beta;97;2761,93
nao;47,3;8852,194204;1;alfa;147;2217,28
sim;43,5;186825,3095;1;alfa;84;2972,99
nao;40,4;451541,7402;2;alfa;139;13551,30
sim;43,3;150197,8921;1;alfa;111;6389,31
nao;40,6;395402,7446;1;alfa;188;5992,12
nao;46,6;509552,383;1;alfa;59;1277,06
nao;41,1;77447,80618;2;alfa;193;2933,35
nao;44,4;191489,6443;2;alfa;94;2613,00
nao;44,9;60561,39889;2;alfa;117;1101,77
nao;45,6;71639,27044;1;alfa;121;10278,66
sim;42,2;453042,2882;1;alfa;71;2260,41
sim;44,9;241042,1927;2;beta;71;4604,79
nao;48,1;82385,33004;2;alfa;102;4870,51
nao;43,9;88613,65198;2;alfa;191;2959,44
nao;48,1;444370,5283;2;alfa;199;8609,27
nao;42,2;136736,8895;1;alfa;41;2893,58
nao;40,8;107336,811;2;alfa;26;5147,62
nao;45,9;146788,0883;2;alfa;93;5695,94
nao;42,1;71822,23396;2;gama;123;2999,49
nao;41,6;347502,1551;1;alfa;90;4204,78
nao;44,6;25043,59955;2;alfa;47;6197,63
sim;48,2;310885,8244;2;alfa;94;6232,58
nao;43,4;46044,82848;2;alfa;27;2628,04
nao;43,2;93250,89006;2;alfa;208;1966,51
nao;43,2;88669,01545;1;alfa;207;15947,02
nao;44,2;97335,89539;1;alfa;114;4358,50
nao;45,6;305103,6384;1;beta;34;2735,64
nao;40,5;101702,7932;2;alfa;51;19428,55
sim;46,7;460807,7417;2;alfa;72;7264,67
nao;45,3;48704,39847;2;beta;101;2445,88
nao;42,9;419638,8224;2;alfa;59;1103,21
nao;49,4;465494,2089;1;gama;105;9063,21
nao;47,4;245164,8331;2;alfa;188;4649,91
nao;41,3;177127,1215;2;beta;248;3304,62
nao;42,0;207068,2327;1;alfa;40;2461,46
nao;48,8;332231,3764;2;alfa;73;5078,31
nao;47,3;96709,7689;2;alfa;175;2175,66
nao;43,1;92377,97621;1;alfa;221;2130,18
nao;43,0;104487,7656;2;beta;83;15853,62
nao;42,8;71573,53645;2;alfa;58;2306,41
nao;44,7;443040,0216;1;alfa;42;2016,93
nao;40,1;53610,66759;1;alfa;117;5571,79
nao;40,6;291391,1267;2;alfa;116;4536,27
nao;45,2;205173,8186;2;alfa;257;1811,68
nao;41,0;297293,1714;2;beta;53;2527,94
nao;45,7;249759,5522;2;alfa;267;3648,89
nao;47,0;292728,3006;2;gama;124;4755,42
nao;45,2;83996,32272;1;alfa;239;3722,75
nao;44,0;336883,0496;2;gama;37;5399,20
sim;43,0;43592,55723;1;beta;24;1629,82
nao;47,9;336622,2969;1;alfa;137;6692,48
nao;47,6;374478,3904;2;alfa;190;4179,56
nao;40,6;90233,72314;2;alfa;168;2145,86
nao;44,3;159737,6628;1;beta;29;2841,72
nao;43,7;266860,7855;2;alfa;66;1303,08
nao;43,9;9393,864547;2;beta;152;2157,98
nao;43,3;160938,9219;2;beta;85;3038,89
nao;46,1;218666,8944;1;beta;111;5309,06
nao;46,4;211301,9672;2;alfa;161;3552,37
nao;47,8;131480,8428;2;alfa;44;1155,07
nao;44,4;129185,0529;2;alfa;211;7885,74
nao;44,1;578878,3228;1;alfa;48;3428,34
nao;46,1;76360,11804;1;alfa;68;2432,76
nao;44,1;293722,3014;2;alfa;75;4858,81
nao;48,9;52960,964;2;beta;167;1335,02
nao;44,4;263234,1239;2;alfa;94;13486,18
nao;41,2;167532,4975;1;beta;53;2391,48
nao;45,8;116126,1221;1;alfa;190;4928,02
sim;47,3;66599,45205;2;alfa;66;3963,67
nao;42,2;69431,18374;1;alfa;266;849,79
nao;47,5;277810,9755;1;alfa;33;6869,80
nao;40,8;126800,1813;2;alfa;171;2527,64
nao;40,4;6411,912866;2;alfa;65;5913,79
nao;47,0;391250,9584;2;alfa;74;4755,05
nao;43,5;13194,03757;2;beta;51;5377,74
nao;42,7;252055,3141;1;beta;197;8302,18
nao;42,5;120594,6122;2;beta;30;1153,65
nao;47,0;69893,63424;2;alfa;186;2514,71
nao;46,7;51083,70159;1;gama;187;2128,66
sim;47,6;448098,3365;2;alfa;33;16292,69
nao;42,3;99787,31327;1;gama;154;1239,14
nao;48,8;87865,96108;2;alfa;204;2854,41
nao;43,9;26960,07064;2;gama;221;2973,11
nao;49,6;141250,5435;2;alfa;31;2945,65
sim;40,8;189890,5048;1;alfa;71;1896,66
nao;44,9;89311,24417;2;alfa;86;2918,76
nao;46,5;142881,6162;2;alfa;138;7918,09
nao;44,0;11115,28541;2;alfa;39;2128,23
nao;47,2;44862,38293;2;alfa;191;6151,52
nao;47,2;314355,4869;1;alfa;115;2260,41
sim;44,0;236191,7429;1;alfa;112;14325,12
nao;40,0;160612,9881;2;alfa;169;9180,46
nao;47,0;100264,9187;2;alfa;77;12073,64
nao;44,3;44324,14431;2;gama;133;9900,15
nao;41,0;598955,8977;2;alfa;132;3328,56
nao;49,1;202701,9112;2;alfa;64;7873,69
sim;43,8;276830,1451;2;alfa;36;8433,99
nao;47,6;293095,7949;2;alfa;170;1401,31
nao;43,0;337977,3068;1;alfa;252;2555,24
nao;40,5;34353,33611;2;alfa;157;2084,81
nao;48,5;72975,76486;2;beta;79;2000,03
sim;43,4;95240,35754;1;alfa;197;6436,20
nao;47,0;85414,66791;2;alfa;30;2205,35
nao;40,1;226309,306;1;gama;64;1548,37
nao;48,3;221229,2145;2;alfa;85;2205,76
nao;49,1;46390,99072;1;alfa;209;3686,37
nao;49,8;422410,4433;1;alfa;53;4215,42
nao;45,7;494165,3229;2;alfa;212;4370,72
nao;49,1;22682,79268;2;alfa;209;5193,42
nao;46,4;48895,32155;2;alfa;27;3928,73
nao;43,7;89983,7493;1;alfa;127;8194,16
sim;42,7;176733,6263;2;alfa;43;2866,34
nao;42,0;44257,71659;1;alfa;205;6243,27
nao;42,4;171495,1682;2;alfa;86;4478,02
nao;40,0;10675,35734;1;gama;245;2931,39
nao;44,9;152392,2802;1;alfa;118;3515,71
nao;40,1;106532,9896;2;alfa;139;3746,79
nao;41,7;433636,6363;1;alfa;104;2051,97
nao;49,1;490265,9796;2;alfa;217;3588,76
nao;43,7;76399,223;1;beta;56;1204,52
nao;44,7;180410,4066;2;alfa;134;987,40
nao;48,2;47469,4214;1;alfa;191;3915,66
nao;40,9;45054,578;2;alfa;114;4167,62
nao;49,9;95244,7274;2;alfa;133;1427,88
nao;47,0;218957,838;1;alfa;118;2191,33
nao;41,4;228505,7605;2;alfa;199;20263,09
nao;41,6;384220,554;2;alfa;122;1577,13
nao;43,7;16272,10931;1;alfa;96;2570,80
nao;45,1;226312,6432;2;alfa;118;1667,31
nao;46,7;341143,69;2;alfa;54;1797,94
nao;41,2;338049,7756;1;alfa;116;2881,54
nao;43,6;79617,38311;2;alfa;89;4719,61
nao;42,6;166739,1734;2;alfa;49;1279,27
nao;41,6;14993,88475;1;alfa;131;2790,10
nao;48,8;323403,6526;1;alfa;169;2556,53
sim;42,4;71784,30152;1;alfa;118;3613,17
nao;47,1;204612,5299;2;alfa;178;4322,92
nao;49,6;131938,21;2;gama;219;13092,32
nao;40,4;11004,22559;2;alfa;186;10527,04
nao;46,7;319693,4464;2;alfa;84;4961,50
nao;44,1;8555,66989;2;beta;201;871,34
nao;42,4;215435,3167;2;alfa;31;5480,67
nao;43,7;165964,1967;2;alfa;154;6535,57
nao;42,0;8436,78872;2;alfa;78;1669,88
nao;41,6;152641,4451;2;alfa;59;1897,70
sim;49,8;394378,6975;2;alfa;164;3890,74
nao;47,7;48770,60591;1;alfa;182;2515,05
sim;41,4;384122,5128;2;alfa;127;3902,79
nao;49,4;6524,0419;2;alfa;181;10448,96
nao;48,7;69969,22998;2;beta;61;1812,38
nao;43,5;276135,1908;1;alfa;54;12295,54
nao;47,7;55705,10709;1;alfa;36;3772,07
sim;44,7;132829,8852;1;alfa;48;3986,67
nao;44,6;15044,72461;2;alfa;60;3927,56
nao;48,5;78737,60759;1;alfa;182;2432,33
nao;43,4;18469,11881;2;alfa;109;3890,74
nao;41,3;13996,37497;2;beta;80;8675,74
nao;46,5;542136,9559;1;beta;106;7144,46
nao;47,3;79,68397995;2;beta;235;2842,59
nao;43,5;260586,5954;1;alfa;34;1815,22
sim;42,4;76199,49026;1;gama;191;2789,90
nao;46,5;74921,07372;1;alfa;122;14078,99
nao;45,2;111112,6655;2;beta;227;9265,90
nao;41,9;167902,3704;1;alfa;54;1389,33
nao;42,1;20098,90912;2;alfa;262;3278,52
sim;49,7;371728,2129;1;alfa;96;5695,32
nao;40,1;116323,1508;1;alfa;49;2775,48
sim;41,4;87992,20932;1;alfa;153;14181,89
nao;46,7;452181,6765;1;alfa;62;4650,29
nao;46,6;424462,3263;1;gama;69;8150,24
nao;45,2;392373,4372;2;alfa;213;5333,23
nao;43,0;13787,02189;1;beta;136;2352,18
nao;49,1;70013,18313;2;alfa;92;4286,96
nao;47,8;95910,41447;1;alfa;125;8478,78
nao;47,6;344278,057;2;alfa;126;7264,42
nao;43,8;20906,63102;1;gama;179;1951,33
nao;44,7;293582,3366;2;beta;146;2262,58
nao;41,2;376689,3835;1;alfa;75;5673,36
nao;46,9;287618,3406;1;alfa;151;11461,44
nao;40,4;299403,5261;2;alfa;208;4535,33
nao;43,4;47108,38262;1;beta;53;1207,60
nao;41,6;246631,0795;2;beta;59;2018,04
nao;47,5;456985,3346;2;alfa;258;7659,03
nao;46,9;138596,3933;2;alfa;82;4012,64
nao;47,6;287566,1858;1;beta;81;5662,07
nao;45,3;50644,4072;2;alfa;136;1849,33
nao;47,8;116664,8472;2;gama;64;3950,79
nao;42,6;274779,33;2;alfa;77;3403,25
nao;48,3;339973,511;1;alfa;176;2279,81
nao;45,4;24307,00611;1;gama;58;5205,34
nao;43,3;7659,684249;2;gama;102;11155,44
nao;41,2;517213,4938;2;alfa;121;4096,70
nao;40,5;297589,3482;1;beta;208;9008,30
nao;43,8;317060,4156;1;alfa;103;2814,67
nao;43,1;508496,3674;2;alfa;272;5135,64
nao;45,5;212141,7719;2;alfa;63;3649,58
nao;40,4;100299,6873;1;alfa;52;2083,64
nao;45,3;184138,9341;1;alfa;53;9449,32
nao;48,9;114154,929;1;alfa;137;8028,55
nao;47,7;159332,6281;2;alfa;204;4859,10
nao;43,8;181477,2076;1;beta;121;10663,60
nao;47,4;70811,57919;1;alfa;21;789,80
nao;46,0;23361,52276;1;alfa;177;5008,57
nao;42,4;28152,58625;1;alfa;93;2999,73
nao;41,0;425815,7704;2;alfa;208;6140,33
sim;44,3;280430,5086;2;alfa;63;7002,75
nao;44,2;177018,8836;2;alfa;35;1933,66
nao;40,2;134258,8584;1;alfa;224;4286,84
nao;45,0;76025,25911;2;gama;67;16261,55
nao;46,0;216807,3986;1;alfa;88;1551,90
nao;49,3;453235,7915;1;alfa;200;5515,51
nao;49,3;137862,2325;2;alfa;164;3415,74
nao;49,4;360708,4305;1;alfa;117;3428,15
nao;43,0;117700,7095;1;gama;99;1254,02
nao;42,3;244410,2708;2;gama;144;4638,38
nao;44,2;42079,01298;1;alfa;57;2906,17
nao;42,9;389053,8335;2;alfa;174;2445,58
nao;47,1;170428,8302;2;alfa;72;6801,72
nao;47,9;54939,10988;2;alfa;158;5809,29
nao;46,9;24669,87227;2;beta;137;5889,17
nao;46,9;258465,6601;2;alfa;191;7744,46
nao;47,1;183995,6258;1;alfa;74;3063,88
nao;47,9;398240,5346;2;beta;213;3453,31
nao;42,0;200798,1878;2;alfa;197;15544,35
nao;42,2;85333,06735;1;alfa;101;9855,98
nao;42,0;9030,07759;2;alfa;115;4250,66
nao;42,9;90992,40135;2;alfa;252;3987,56
nao;48,8;198647,0819;2;alfa;186;1513,45
nao;42,4;58579,04364;1;alfa;70;10300,14
sim;40,4;89588,60246;1;beta;36;3142,14
nao;46,7;361805,0756;2;alfa;58;2655,41
nao;43,9;212056,829;2;alfa;168;1981,91
nao;49,7;210634,1595;1;alfa;115;2158,55
nao;46,7;83927,94788;1;gama;42;2307,25
nao;46,7;33508,78313;2;alfa;63;1668,30
nao;45,9;78014,42361;2;beta;208;3747,26
nao;49,4;548736,7185;2;alfa;58;6005,81
nao;45,0;335938,443;1;alfa;177;3116,36
nao;46,1;47368,12369;1;alfa;47;5148,11
nao;46,0;87088,14573;1;beta;41;4024,94
nao;41,6;7526,284596;2;alfa;233;3242,96
nao;40,2;301169,6223;2;alfa;63;3650,27
nao;49,3;153063,3962;1;gama;202;7516,68
nao;47,0;268078,6046;2;alfa;57;13561,30
nao;43,5;137491,3075;1;alfa;123;6458,46
nao;47,2;12695,32721;2;alfa;91;4394,11
nao;47,7;59264,52661;1;alfa;141;3116,32
nao;43,4;417767,6458;2;alfa;102;3722,98
nao;42,2;80695,01042;1;alfa;148;3782,88
nao;48,3;89488,07039;1;alfa;111;2720,30
nao;46,5;45460,61767;1;alfa;252;6255,66
nao;45,8;22384,0669;2;alfa;100;2502,15
nao;42,0;66833,89282;2;gama;259;13704,47
nao;49,3;117856,6177;2;alfa;60;2364,19
nao;40,4;463186,8024;1;alfa;41;1740,20
nao;41,1;506738,9776;1;beta;205;2474,09
nao;44,0;245664,7602;2;alfa;59;4916,05
nao;44,2;57816,54161;1;alfa;33;1757,93
nao;48,2;36629,87058;2;alfa;160;3721,56
nao;44,0;221893,6675;1;gama;135;4024,12
nao;44,5;200053,4752;1;beta;68;1110,50
nao;48,8;375276,2661;2;alfa;87;2721,34
sim;44,6;18334,66041;1;alfa;130;2749,45
nao;49,4;161837,3712;1;alfa;131;5696,13
sim;48,5;156705,8927;1;alfa;75;3661,04
nao;44,8;192711,4299;1;beta;62;2049,65
nao;49,0;50074,9231;1;gama;113;2709,17
nao;40,9;403588,6996;2;alfa;137;4467,77
nao;44,4;294311,9384;2;alfa;109;6458,57
nao;42,4;295320,5513;2;alfa;80;1899,94
nao;48,8;40092,11612;1;beta;112;1966,30
nao;47,1;473893,6738;2;alfa;142;5639,93
nao;48,5;32583,79622;2;alfa;48;5627,27
nao;44,0;102021,7265;1;alfa;33;644,64
nao;49,5;68246,17928;2;alfa;121;12719,63
nao;48,8;267175,9169;2;gama;52;638,53
nao;42,0;74204,91582;2;alfa;150;4812,71
nao;47,4;48140,47222;1;alfa;83;1312,49
nao;46,0;199576,5143;2;beta;64;4000,22
nao;49,8;379566,6717;1;alfa;141;4848,47
nao;42,2;88557,9866;1;gama;156;4119,81
nao;41,2;9694,653287;2;alfa;127;4581,65
nao;49,2;326141,5471;2;alfa;198;5020,26
nao;44,9;482703,086;2;alfa;58;1580,14
nao;48,9;205651,6771;1;alfa;200;2445,88
nao;49,0;420597,1949;1;alfa;69;15134,39
nao;42,4;526679,9355;1;alfa;99;11198,30
nao;45,5;75596,20597;1;alfa;89;2556,45
nao;47,8;401715,9029;1;alfa;151;1299,84
nao;47,4;263321,695;1;beta;174;2306,45
sim;40,2;170624,6609;1;alfa;24;5020,39
nao;49,8;76920,58056;2;alfa;77;4085,64
nao;43,1;154776,8147;1;beta;146;3794,92
nao;43,4;146862,8357;2;alfa;79;7701,43
nao;46,5;169975,9766;2;beta;68;3377,63
nao;45,3;48376,96413;2;alfa;193;3794,50
nao;49,5;51431,7951;1;alfa;54;7057,59
nao;46,0;97216,48132;2;gama;121;3453,70
nao;42,3;469495,526;2;alfa;158;2245,60
nao;41,5;236535,9592;1;alfa;90;15625,33
nao;47,8;320153,2209;1;alfa;203;1631,80
nao;40,7;84593,38722;1;beta;112;4395,16
nao;41,3;221197,6217;2;alfa;183;4744,08
nao;45,2;46015,07835;2;alfa;199;2556,86
nao;41,3;119029,0868;2;alfa;93;5527,05
nao;40,0;96508,09581;2;beta;85;2527,27
nao;46,6;196715,0784;2;beta;195;3377,29
nao;41,7;16055,77902;2;alfa;58;5538,22
nao;46,3;248797,4997;1;beta;126;2694,81
nao;42,5;281575,5845;1;gama;166;2322,25
nao;40,2;41401,35575;1;beta;86;10009,72
nao;44,8;11251,95993;1;alfa;32;7198,41
nao;42,2;231357,8378;1;alfa;68;6289,87
nao;49,4;53056,47187;2;alfa;140;5515,47
sim;46,5;78486,31105;1;alfa;115;6400,35
nao;43,0;36390,59923;2;alfa;89;5297,80
nao;42,1;312672,6314;2;alfa;213;4334,49
sim;48,7;430356,6381;2;beta;154;13091,92
sim;43,7;148807,1795;1;alfa;161;3515,25
nao;40,5;322951,0657;1;alfa;153;4501,08
nao;42,7;91561,99779;2;alfa;125;1756,16
nao;48,0;125127,1287;2;alfa;24;6355,84
nao;41,2;212931,6855;2;alfa;152;1313,81
nao;45,1;234496,5992;2;alfa;121;5377,51
nao;49,0;356834,2287;2;alfa;85;3867,44
nao;44,2;146542,8154;1;alfa;193;8028,18
nao;47,4;213992,4707;2;alfa;161;9287,95
nao;48,7;362010,5181;2;alfa;136;10729,05
nao;44,0;59074,9195;2;alfa;37;2516,47
nao;48,3;181025,4109;1;alfa;167;2446,78
nao;46,0;89647,99838;1;alfa;29;3528,20
nao;41,7;377374,3395;2;alfa;160;3624,67
nao;42,7;565630,0899;1;alfa;243;3254,42
nao;47,8;118288,7055;2;alfa;200;4013,30
nao;46,4;476868,579;1;beta;87;14387,43
nao;40,3;67526,66268;1;alfa;178;3540,34
nao;48,7;196942,9516;1;alfa;206;3989,44
nao;49,0;35070,88131;1;alfa;205;5947,44
nao;49,6;196247,1085;2;alfa;63;881,37
nao;45,2;12437,94965;2;beta;22;3101,96
nao;45,2;113643,8639;2;alfa;78;3050,51
nao;43,0;47882,43497;1;alfa;174;9512,32
nao;47,5;230674,2716;2;alfa;85;3278,29
nao;41,6;85312,85024;2;alfa;160;3230,89
sim;48,3;258784,0648;2;alfa;94;5626,84
nao;49,6;363191,9333;2;gama;208;3403,87
sim;40,2;57866,22897;1;alfa;195;4333,85
nao;43,6;36929,3604;2;alfa;36;1007,61
nao;46,7;307401,701;2;alfa;124;3115,09
nao;45,6;199639,6669;1;beta;153;5088,79
nao;44,7;130973,8643;1;gama;108;4216,29
nao;45,4;233702,0326;2;alfa;245;2762,21
nao;48,5;58335,45045;2;alfa;196;10727,68
nao;40,2;52048,33052;1;alfa;26;1541,14
nao;47,6;491814,9177;2;alfa;52;4298,44
nao;48,2;180325,8559;2;alfa;20;6005,66
nao;41,5;109449,356;2;alfa;55;5160,32
nao;40,1;11221,82231;1;alfa;216;2762,45
nao;42,3;146408,1246;2;alfa;133;2158,55
nao;45,4;93625,27459;2;alfa;179;5924,99
nao;49,2;23871,95599;2;alfa;87;3192,41
nao;48,5;98268,37968;2;alfa;174;4252,02
nao;44,2;23916,56431;2;alfa;102;1815,45
nao;43,7;21573,36002;1;alfa;160;4407,30
nao;48,7;349063,4686;2;beta;182;4276,01
nao;47,4;96482,20082;2;gama;165;17505,95
nao;42,4;44540,32388;1;alfa;207;2335,30
nao;43,4;83951,35222;1;beta;59;1334,33
nao;41,5;151509,7774;2;alfa;202;3612,41
nao;41,0;39637,5152;2;alfa;129;9922,78
sim;43,0;47459,69549;2;alfa;206;7528,21
nao;44,7;305633,6374;1;alfa;128;7808,63
sim;44,9;334869,6608;1;alfa;264;8016,29
nao;48,0;148379,648;2;gama;185;1507,60
nao;42,9;157144,5546;2;alfa;64;6736,47
nao;44,0;332521,0503;2;alfa;84;4406,97
nao;44,9;363474,4754;2;alfa;78;6714,91
nao;49,6;548363,464;2;gama;27;8105,76
nao;46,6;116576,9919;2;alfa;263;6017,03
sim;47,6;215957,7577;1;alfa;191;1932,17
nao;46,9;138468,289;1;alfa;92;4227,40
nao;42,9;547707,7671;1;alfa;186;5503,83
nao;48,1;448881,501;2;alfa;67;2643,38
nao;44,8;420778,1582;1;alfa;213;1635,27
nao;46,4;445657,4396;2;alfa;61;5377,83
nao;45,0;25198,41311;1;alfa;125;5124,36
nao;48,1;282886,2438;2;alfa;91;5639,55
nao;49,5;7659,781278;1;alfa;205;7265,50
nao;46,2;85907,63782;1;alfa;135;6869,63
nao;49,0;2445,823778;1;gama;89;1704,70
nao;49,5;148067,1357;2;alfa;213;4370,36
nao;42,6;133830,9352;2;alfa;179;4984,08
nao;40,8;53659,45752;1;alfa;158;6902,37
sim;45,7;477853,2723;1;alfa;129;3168,22
nao;42,4;68293,13339;1;alfa;54;3140,83
nao;42,3;26954,0942;1;alfa;24;5492,62
nao;45,6;47006,52662;2;alfa;64;2017,84
nao;42,5;34498,27647;2;alfa;72;1087,34
nao;48,4;77947,24887;2;alfa;38;2734,40
nao;46,7;88112,48515;2;gama;214;4801,61
nao;42,1;163752,3842;1;alfa;130;5516,03
nao;44,2;145305,4916;1;alfa;62;3915,82
nao;49,5;222350,6225;2;beta;123;8160,77
nao;44,4;72106,30311;2;gama;58;9610,07
nao;45,4;8006,655503;2;alfa;82;2557,77
nao;46,9;117345,677;2;alfa;31;5205,96
nao;48,9;488574,971;2;alfa;70;4191,89
nao;48,0;72159,16756;2;alfa;99;3939,51
nao;46,0;484414,3209;1;alfa;158;2475,70
nao;48,5;315827,9415;2;alfa;25;7659,23
nao;48,8;236714,029;2;beta;199;3723,10
sim;47,2;44205,26321;1;beta;85;14482,40
nao;42,2;150000;2;alfa;50;1550,60
sim;48,6;150000;2;alfa;66;19993,57
sim;43,7;150000;2;alfa;44;9470,29
nao;44,1;150000;2;alfa;57;1965,31
nao;44,3;150000;1;alfa;39;1451,55
